cohort,cancer,cancer_label,rank,source,source_label,modality,relation,interpretation,a,lcb,expected,evidence_class
cancer,icd_174,Malignant neoplasm of female breast,1,icd_611,Other disorders of breast,icd,within,clinical precursor,2.640174283658945,2.253976676516452,26.8188921714202,positive control: same organ system
cancer,icd_174,Malignant neoplasm of female breast,2,icd_793,Nonspecific (abnormal) findings on radiological and other examination of body structure,icd,within,clinical precursor,1.7376269333509615,1.1794081980135722,12.83663446157334,cross-system candidate
cancer,icd_173,Other and unspecified malignant neoplasm of skin,1,icd_702,Other dermatoses,icd,within,clinical precursor,2.3111680906816696,1.7786172499839656,14.103855250814377,positive control: same organ system
cancer,icd_173,Other and unspecified malignant neoplasm of skin,2,icd_709,Other disorders of skin and subcutaneous tissue,icd,within,clinical precursor,2.2073655182674354,1.477696997638412,7.512920109622769,positive control: same organ system
cancer,icd_185,Malignant neoplasm of prostate,1,icd_790,Nonspecific findings on examination of blood,icd,within,clinical precursor,3.144655272472025,2.7034975134870765,20.552854489236324,positive control: same organ system
cancer,icd_185,Malignant neoplasm of prostate,2,lab_2857-1_HIGH,Prostate specific Ag [Mass/volume] in Serum or Plasma - high,lab,across,laboratory,3.388752024484587,2.3969571869020894,4.06645812573737,positive control: tumour marker ordering
cancer,icd_185,Malignant neoplasm of prostate,3,icd_602,Other disorders of prostate,icd,within,clinical precursor,3.543599836095332,2.267793142542807,2.45748139519921,positive control: same organ system
cancer,icd_185,Malignant neoplasm of prostate,4,icd_600,Hyperplasia of prostate,icd,within,clinical precursor,2.269406871196482,1.6348943901704782,9.935269518973712,positive control: same organ system
cancer,icd_162,"Malignant neoplasm of trachea, bronchus, and lung",1,lab_2039-6_NORMAL,Carcinoembryonic Ag [Mass/volume] in Serum or Plasma - normal,lab,across,laboratory,4.611603953835923,3.7473506359188713,5.355226946784342,positive control: tumour marker ordering
cancer,icd_162,"Malignant neoplasm of trachea, bronchus, and lung",2,icd_518,Other diseases of lung,icd,within,clinical precursor,2.421339985369789,1.8645452665458728,12.902378456888982,positive control: same organ system
cancer,icd_162,"Malignant neoplasm of trachea, bronchus, and lung",3,lab_5821-4_NORMAL,Leukocytes [#/area] in Urine sediment by Microscopy high power field - normal,lab,across,laboratory,2.1398194471139718,1.4325755206936197,7.996897660195145,cross-system candidate
cancer,icd_162,"Malignant neoplasm of trachea, bronchus, and lung",4,lab_5902-2_NORMAL,Prothrombin time (PT) - normal,lab,across,laboratory,2.1043671582263195,1.4278349589033823,8.739428794999583,cross-system candidate
cancer,icd_162,"Malignant neoplasm of trachea, bronchus, and lung",5,lab_5808-1_NORMAL,Erythrocytes [#/volume] in Urine sediment by Microscopy high power field - normal,lab,across,laboratory,2.120580185362058,1.4046141752113952,7.803243894341563,cross-system candidate
cancer,icd_162,"Malignant neoplasm of trachea, bronchus, and lung",6,lab_5811-5_NORMAL,Specific gravity of Urine by Test strip - normal,lab,across,laboratory,1.9761432914111123,1.2764824094707352,8.171180516611969,cross-system candidate
cancer,icd_193,Malignant neoplasm of thyroid gland,1,icd_241,Nontoxic nodular goiter,icd,within,clinical precursor,3.612311540156517,2.949140655689773,9.095133739098344,positive control: same organ system
cancer,icd_193,Malignant neoplasm of thyroid gland,2,icd_V72,Special investigations and examinations,icd,within,clinical precursor,1.847590707986656,1.0322537645226593,6.017079497809732,care pathway: screening encounter
cancer,icd_183,Malignant neoplasm of ovary and other uterine adnexa,1,lab_2160-0_LOW,Creatinine [Mass/volume] in Serum or Plasma - low,lab,across,laboratory,2.753367816691096,1.4417813966403064,2.325231343583255,cross-system candidate
cancer,icd_183,Malignant neoplasm of ovary and other uterine adnexa,2,lab_789-8_NORMAL,Erythrocytes [#/volume] in Blood by Automated count - normal,lab,across,laboratory,1.9980902040727584,1.3402283667723438,9.242524364326528,cross-system candidate
cancer,icd_183,Malignant neoplasm of ovary and other uterine adnexa,3,lab_5898-2_NORMAL,Deprecated Activated partial thrombplastin time (aPTT) in Blood by Coagulation assay - normal,lab,across,laboratory,2.201651962094527,1.3070009037430348,4.997498026292249,cross-system candidate
cancer,icd_183,Malignant neoplasm of ovary and other uterine adnexa,4,icd_V72,Special investigations and examinations,icd,within,clinical precursor,2.056616794871947,1.3042231082949658,7.065936105672222,care pathway: screening encounter
cancer,icd_183,Malignant neoplasm of ovary and other uterine adnexa,5,lab_787-2_NORMAL,MCV [Entitic mean volume] in Red Blood Cells by Automated count - normal,lab,across,laboratory,1.9111191433808303,1.2962028035966324,10.57859339036122,cross-system candidate
cancer,icd_183,Malignant neoplasm of ovary and other uterine adnexa,6,lab_785-6_NORMAL,MCH [Entitic mass] by Automated count - normal,lab,across,laboratory,1.9271168357947237,1.2906962686958217,9.875783915070883,cross-system candidate
cancer,icd_191,Malignant neoplasm of brain,1,icd_348,Other conditions of brain,icd,within,clinical precursor,4.034887486083038,3.03761096320367,4.021877149215271,positive control: same organ system
cancer,icd_191,Malignant neoplasm of brain,2,lab_5902-2_NORMAL,Prothrombin time (PT) - normal,lab,across,laboratory,2.3157364663020377,1.3552414622757765,4.335805289428549,cross-system candidate
cancer,icd_191,Malignant neoplasm of brain,3,lab_5898-2_NORMAL,Deprecated Activated partial thrombplastin time (aPTT) in Blood by Coagulation assay - normal,lab,across,laboratory,2.182153959375809,1.2379778445995662,4.486978328176747,cross-system candidate
cancer,icd_191,Malignant neoplasm of brain,4,lab_3173-2_NORMAL,aPTT in Blood by Coagulation assay - normal,lab,across,laboratory,2.1842171179136094,1.2338043825924374,4.42828431897351,cross-system candidate
cancer,icd_191,Malignant neoplasm of brain,5,lab_6777-7_HIGH,Deprecated Glucose [Mass/volume] in Serum or Plasma - high,lab,across,laboratory,2.191640148895159,1.148940274579557,3.679097937921995,cross-system candidate
cancer,icd_191,Malignant neoplasm of brain,6,lab_770-8_HIGH,Neutrophils/Leukocytes in Blood by Automated count - high,lab,across,laboratory,2.4170437754731995,1.093070771742173,2.2819269199573284,cross-system candidate
cancer,icd_182,Malignant neoplasm of body of uterus,1,icd_621,"Disorders of uterus, not elsewhere classified",icd,within,clinical precursor,3.4546685949592053,2.065262943351235,2.0720578155412994,positive control: same organ system
control,icd_174,Malignant neoplasm of female breast,1,icd_611,Other disorders of breast,icd,within,clinical precursor,2.890734879078447,2.759998375949348,234.02715998698116,positive control: same organ system
control,icd_174,Malignant neoplasm of female breast,2,icd_V84,Genetic susceptibility to disease,icd,within,clinical precursor,3.0385814504271185,2.024421129289125,3.889078968274333,cross-system candidate
control,icd_174,Malignant neoplasm of female breast,3,icd_610,Benign mammary dysplasias,icd,within,clinical precursor,2.1900598405396465,1.8494332138460328,34.47488324592268,positive control: same organ system
control,icd_174,Malignant neoplasm of female breast,4,icd_793,Nonspecific (abnormal) findings on radiological and other examination of body structure,icd,within,clinical precursor,1.9279214881204787,1.736135200921549,108.7489038006206,cross-system candidate
control,icd_173,Other and unspecified malignant neoplasm of skin,1,icd_702,Other dermatoses,icd,within,clinical precursor,2.716661904819216,2.507790215901627,91.68553731822158,positive control: same organ system
control,icd_173,Other and unspecified malignant neoplasm of skin,2,icd_709,Other disorders of skin and subcutaneous tissue,icd,within,clinical precursor,2.3783224413583555,2.156283115984136,81.13349658828793,positive control: same organ system
control,icd_173,Other and unspecified malignant neoplasm of skin,3,icd_692,Contact dermatitis and other eczema,icd,within,clinical precursor,1.5664899783884738,1.2539452919256335,40.94828822406271,positive control: same organ system
control,icd_173,Other and unspecified malignant neoplasm of skin,4,icd_706,Diseases of sebaceous glands,icd,within,clinical precursor,1.450086868286512,1.0911915685942977,31.05449349062269,positive control: same organ system
control,icd_185,Malignant neoplasm of prostate,1,icd_602,Other disorders of prostate,icd,within,clinical precursor,3.988521133238079,3.322934920638822,9.029243331774524,positive control: same organ system
control,icd_185,Malignant neoplasm of prostate,2,lab_2857-1_HIGH,Prostate specific Ag [Mass/volume] in Serum or Plasma - high,lab,across,laboratory,3.8457167181699896,3.295132414191824,13.195089446176098,positive control: tumour marker ordering
control,icd_185,Malignant neoplasm of prostate,3,icd_790,Nonspecific findings on examination of blood,icd,within,clinical precursor,2.9310820021118773,2.7287829465003743,97.73998782468516,positive control: same organ system
control,icd_185,Malignant neoplasm of prostate,4,icd_600,Hyperplasia of prostate,icd,within,clinical precursor,2.5796176189183857,2.2831216778069106,45.50116186251216,positive control: same organ system
control,icd_185,Malignant neoplasm of prostate,5,icd_607,Disorders of penis,icd,within,clinical precursor,1.9340223871834583,1.2339814500463322,8.162310587841375,positive control: same organ system
control,icd_202,Other malignant neoplasms of lymphoid and histiocytic tissue,1,lab_2458-8_LOW,IgA [Mass/volume] in Serum or Plasma - low,lab,across,laboratory,4.457048453181711,3.652782131962531,6.183868211368804,positive control: paraprotein workup panel
control,icd_202,Other malignant neoplasms of lymphoid and histiocytic tissue,2,lab_2472-9_HIGH,IgM [Mass/volume] in Serum or Plasma - high,lab,across,laboratory,4.380945352183912,3.644220651524123,7.369695249792073,positive control: paraprotein workup panel
control,icd_202,Other malignant neoplasms of lymphoid and histiocytic tissue,3,lab_2465-3_LOW,IgG [Mass/volume] in Serum or Plasma - low,lab,across,laboratory,4.035926964787757,3.202810266303478,5.762995928343173,positive control: paraprotein workup panel
control,icd_202,Other malignant neoplasms of lymphoid and histiocytic tissue,4,lab_2874-6_HIGH,Gamma globulin [Mass/volume] in Serum or Plasma by Electrophoresis - high,lab,across,laboratory,3.7909332556665296,2.8114016683031178,4.168915576698339,positive control: tumour marker ordering
control,icd_202,Other malignant neoplasms of lymphoid and histiocytic tissue,5,icd_273,Disorders of plasma protein metabolism,icd,within,clinical precursor,3.207106468337241,2.78869169616626,22.84788338410749,cross-system candidate
control,icd_202,Other malignant neoplasms of lymphoid and histiocytic tissue,6,lab_8101-8_NORMAL,CD3+CD8+ (T8 suppressor) cells/cells in Blood - normal,lab,across,laboratory,3.609731858258464,2.496776723689651,3.2292723682815705,cross-system candidate
control,icd_162,"Malignant neoplasm of trachea, bronchus, and lung",1,lab_2039-6_NORMAL,Carcinoembryonic Ag [Mass/volume] in Serum or Plasma - normal,lab,across,laboratory,4.758918064702594,4.304312304477851,19.354863943158307,positive control: tumour marker ordering
control,icd_162,"Malignant neoplasm of trachea, bronchus, and lung",2,icd_518,Other diseases of lung,icd,within,clinical precursor,2.505948639495498,2.2871133230999496,83.52667025140818,positive control: same organ system
control,icd_162,"Malignant neoplasm of trachea, bronchus, and lung",3,icd_492,Emphysema,icd,within,clinical precursor,2.758767631421223,2.0490568712864103,7.941402565600583,positive control: same organ system
control,icd_162,"Malignant neoplasm of trachea, bronchus, and lung",4,icd_519,Other diseases of respiratory system,icd,within,clinical precursor,2.528673972890542,1.6012139773745029,4.6501784491283615,positive control: same organ system
control,icd_162,"Malignant neoplasm of trachea, bronchus, and lung",5,icd_511,Pleurisy,icd,within,clinical precursor,2.0157595616709267,1.587803660977956,21.84046867371944,positive control: same organ system
control,icd_162,"Malignant neoplasm of trachea, bronchus, and lung",6,icd_512,Pneumothorax and air leak,icd,within,clinical precursor,2.298417530458575,1.5821664411977272,7.797033504833962,positive control: same organ system
control,icd_183,Malignant neoplasm of ovary and other uterine adnexa,1,lab_19080-1_NORMAL,Choriogonadotropin [Units/volume] in Serum or Plasma - normal,lab,across,laboratory,2.9865980545760893,2.675769529652157,41.40170785228224,positive control: tumour marker ordering
control,icd_183,Malignant neoplasm of ovary and other uterine adnexa,2,icd_620,"Noninflammatory disorders of ovary, fallopian tube, and broad ligament",icd,within,clinical precursor,2.6285056545144805,2.2322685113847887,25.477078421029542,positive control: same organ system
control,icd_183,Malignant neoplasm of ovary and other uterine adnexa,3,lab_5902-2_NORMAL,Prothrombin time (PT) - normal,lab,across,laboratory,2.136363734251157,1.8901698056436256,65.99413094573674,cross-system candidate
control,icd_183,Malignant neoplasm of ovary and other uterine adnexa,4,lab_2336-6_HIGH,Globulin [Mass/volume] in Serum - high,lab,across,laboratory,2.7021044285913742,1.859480851537716,5.6336878213776345,positive control: paraprotein workup panel
control,icd_183,Malignant neoplasm of ovary and other uterine adnexa,5,icd_V72,Special investigations and examinations,icd,within,clinical precursor,2.00872945621186,1.8204979200027136,112.89513260677631,care pathway: screening encounter
control,icd_183,Malignant neoplasm of ovary and other uterine adnexa,6,med_91166,ephedrine,med,across,medication,2.1429094614194875,1.4195277103263058,7.644074204209971,cross-system candidate
control,icd_191,Malignant neoplasm of brain,1,icd_348,Other conditions of brain,icd,within,clinical precursor,3.673740876298981,3.414489741920091,59.51393421663624,positive control: same organ system
control,icd_191,Malignant neoplasm of brain,2,med_114477,levetiracetam,med,across,medication,3.6441994066984025,2.917185577799275,7.567887153563674,cross-system candidate
control,icd_191,Malignant neoplasm of brain,3,med_8183,phenytoin,med,across,medication,3.39744453627105,2.6131372106146205,6.502606119342488,cross-system candidate
control,icd_191,Malignant neoplasm of brain,4,lab_3968-5_NORMAL,Phenytoin [Mass/volume] in Serum or Plasma - normal,lab,across,laboratory,3.5296095055532084,2.555619068767711,4.216485448266752,cross-system candidate
control,icd_191,Malignant neoplasm of brain,5,med_3264,dexamethasone,med,across,medication,3.0043786850710656,2.4184072106960217,11.64949346167134,cross-system candidate
control,icd_191,Malignant neoplasm of brain,6,med_235988,venlafaxine,med,across,medication,3.564345440996565,2.2481290481164917,2.3089014711079017,cross-system candidate
control,icd_193,Malignant neoplasm of thyroid gland,1,icd_241,Nontoxic nodular goiter,icd,within,clinical precursor,4.081226987333228,3.866784552896074,86.98383147154527,positive control: same organ system
control,icd_193,Malignant neoplasm of thyroid gland,2,icd_246,Other disorders of thyroid,icd,within,clinical precursor,3.786520604396806,3.261092129398394,14.488812123529556,positive control: same organ system
control,icd_193,Malignant neoplasm of thyroid gland,3,icd_240,Simple and unspecified goiter,icd,within,clinical precursor,3.486847791405974,2.7430284938651845,7.229780439413901,positive control: same organ system
control,icd_193,Malignant neoplasm of thyroid gland,4,icd_245,Thyroiditis,icd,within,clinical precursor,3.062945819975033,2.215420755859662,5.568713696644807,positive control: same organ system
control,icd_193,Malignant neoplasm of thyroid gland,5,icd_252,Disorders of parathyroid gland,icd,within,clinical precursor,2.5359587816015683,1.7310908265714229,6.174626860217359,cross-system candidate
control,icd_193,Malignant neoplasm of thyroid gland,6,lab_19080-1_NORMAL,Choriogonadotropin [Units/volume] in Serum or Plasma - normal,lab,across,laboratory,2.0059776280792594,1.4370071614245827,12.35607520331098,positive control: tumour marker ordering
control,icd_172,Malignant melanoma of skin,1,icd_709,Other disorders of skin and subcutaneous tissue,icd,within,clinical precursor,2.248318117488544,1.8285451578182363,22.700272601232427,positive control: same organ system
control,icd_172,Malignant melanoma of skin,2,icd_702,Other dermatoses,icd,within,clinical precursor,1.9659237888815724,1.4273381499969824,13.789561413376076,positive control: same organ system
control,icd_153,Malignant neoplasm of colon,1,med_7300,neomycin,med,across,medication,4.959191642544138,3.7500011770783166,2.7357131825417014,care pathway: procedure preparation
control,icd_153,Malignant neoplasm of colon,2,icd_560,Intestinal obstruction without mention of hernia,icd,within,clinical precursor,2.637652369392789,1.7011725641444433,4.561032411454789,positive control: same organ system
control,icd_153,Malignant neoplasm of colon,3,icd_569,Other disorders of intestine,icd,within,clinical precursor,2.158834405383161,1.5730805523138436,11.658151190182934,positive control: same organ system
control,icd_153,Malignant neoplasm of colon,4,icd_578,Gastrointestinal hemorrhage,icd,within,clinical precursor,1.881831665889428,1.1089110797818749,6.695611433006661,positive control: same organ system
control,icd_153,Malignant neoplasm of colon,5,med_6960,midazolam,med,across,care pathway,1.5221817690639343,1.013359922839502,15.450000309129564,care pathway
control,icd_182,Malignant neoplasm of body of uterus,1,icd_621,"Disorders of uterus, not elsewhere classified",icd,within,clinical precursor,3.3340203131675885,2.8559874192046246,17.50428708463346,positive control: same organ system
control,icd_182,Malignant neoplasm of body of uterus,2,lab_19080-1_NORMAL,Choriogonadotropin [Units/volume] in Serum or Plasma - normal,lab,across,laboratory,2.7166310800205977,2.2850839753038104,21.47848163726303,positive control: tumour marker ordering
control,icd_182,Malignant neoplasm of body of uterus,3,icd_627,Menopausal and postmenopausal disorders,icd,within,clinical precursor,2.1453138624260424,1.662479472110836,17.15787897833161,positive control: same organ system
control,icd_182,Malignant neoplasm of body of uterus,4,icd_622,Noninflammatory disorders of cervix,icd,within,clinical precursor,2.0787773483019407,1.5084550723676275,12.29757052071102,positive control: same organ system
control,icd_182,Malignant neoplasm of body of uterus,5,icd_V72,Special investigations and examinations,icd,within,clinical precursor,1.7556557559525858,1.496517579361934,59.56582952316603,care pathway: screening encounter
control,icd_182,Malignant neoplasm of body of uterus,6,icd_620,"Noninflammatory disorders of ovary, fallopian tube, and broad ligament",icd,within,clinical precursor,2.037034024242919,1.390968788726095,9.583127060018796,positive control: same organ system
control,icd_171,Malignant neoplasm of connective and other soft tissue,1,lab_5898-2_NORMAL,Deprecated Activated partial thrombplastin time (aPTT) in Blood by Coagulation assay - normal,lab,across,laboratory,1.6115284197366422,1.193346149731518,22.87329650893025,cross-system candidate
control,icd_171,Malignant neoplasm of connective and other soft tissue,2,lab_5902-2_NORMAL,Prothrombin time (PT) - normal,lab,across,laboratory,1.6301039964520787,1.1858335797923574,20.265867601011223,cross-system candidate
control,icd_171,Malignant neoplasm of connective and other soft tissue,3,lab_3173-2_NORMAL,aPTT in Blood by Coagulation assay - normal,lab,across,laboratory,1.526664169429205,1.0878400680907905,20.772035066996068,cross-system candidate
control,icd_189,Malignant neoplasm of kidney and other and unspecified urinary organs,1,icd_593,Other disorders of kidney and ureter,icd,within,clinical precursor,4.294568858964032,3.9461859957430176,32.956905223300055,positive control: same organ system
control,icd_189,Malignant neoplasm of kidney and other and unspecified urinary organs,2,icd_753,Congenital anomalies of urinary system,icd,within,clinical precursor,3.803730887077456,2.757573113027802,3.6548168458093073,cross-system candidate
control,icd_189,Malignant neoplasm of kidney and other and unspecified urinary organs,3,icd_591,Hydronephrosis,icd,within,clinical precursor,2.7623590379734466,1.535360475246598,2.656879655583225,positive control: same organ system
control,icd_189,Malignant neoplasm of kidney and other and unspecified urinary organs,4,icd_592,Calculus of kidney and ureter,icd,within,clinical precursor,2.066630081342593,1.2689091109700672,6.28576258525095,positive control: same organ system
control,icd_188,Malignant neoplasm of bladder,1,icd_599,Other disorders of urethra and urinary tract,icd,within,clinical precursor,2.596312417833038,2.128747298429672,18.29682697271437,positive control: same organ system
control,icd_188,Malignant neoplasm of bladder,2,icd_596,Other disorders of bladder,icd,within,clinical precursor,2.8889851554545003,1.9312666304458348,4.3609812088760975,positive control: same organ system
control,icd_188,Malignant neoplasm of bladder,3,icd_591,Hydronephrosis,icd,within,clinical precursor,2.83765924800689,1.5510931920345594,2.416550154965165,positive control: same organ system
control,icd_188,Malignant neoplasm of bladder,4,icd_593,Other disorders of kidney and ureter,icd,within,clinical precursor,2.397102632407715,1.4175548902645991,4.168778069654024,positive control: same organ system
control,icd_205,Myeloid leukemia,1,icd_284,Aplastic anemia and other bone marrow failure syndromes,icd,within,clinical precursor,4.514296570791606,3.220462221163713,2.3894758057450645,positive control: same organ system
control,icd_205,Myeloid leukemia,2,icd_288,Diseases of white blood cells,icd,within,clinical precursor,3.720211468238479,3.0438962483123904,8.745037363667052,positive control: same organ system
control,icd_205,Myeloid leukemia,3,lab_2532-0_HIGH,Lactate dehydrogenase [Enzymatic activity/volume] in Serum or Plasma - high,lab,across,laboratory,4.141064894300283,2.823863485616076,2.305449525109452,cross-system candidate
control,icd_205,Myeloid leukemia,4,lab_737-7_LOW,Lymphocytes/Leukocytes in Blood by Manual count - low,lab,across,laboratory,2.9299714859854555,2.123230669749283,6.145991155615548,cross-system candidate
control,icd_205,Myeloid leukemia,5,lab_714-6_NORMAL,Eosinophils/Leukocytes in Blood by Manual count - normal,lab,across,laboratory,2.774130679312863,2.083604532615769,8.388797981102016,cross-system candidate
control,icd_205,Myeloid leukemia,6,med_8591,potassium chloride,med,across,medication,2.139242950823879,1.4461074242990115,8.32575588717657,cross-system candidate
control,icd_157,Malignant neoplasm of pancreas,1,icd_577,Diseases of pancreas,icd,within,clinical precursor,4.496389628205355,4.105708728420985,26.20689886814125,positive control: same organ system
control,icd_157,Malignant neoplasm of pancreas,2,icd_576,Other disorders of biliary tract,icd,within,clinical precursor,4.255035793350865,3.4947664046515947,6.920300963403292,cross-system candidate
control,icd_157,Malignant neoplasm of pancreas,3,icd_573,Other disorders of liver,icd,within,clinical precursor,2.4664324331595724,1.3928163306219734,3.4702595505766567,cross-system candidate
control,icd_157,Malignant neoplasm of pancreas,4,lab_6768-6_HIGH,Alkaline phosphatase [Enzymatic activity/volume] in Serum or Plasma - high,lab,across,laboratory,2.437484948703489,1.3197236167961084,3.2015613499704187,cross-system candidate
control,icd_203,Multiple myeloma and immunoproliferative neoplasms,1,lab_33944-0_NORMAL,Lambda light chains.free [Mass/volume] in Serum or Plasma - normal,lab,across,laboratory,5.871168411829341,4.774092285920943,3.323429441484336,positive control: tumour marker ordering
control,icd_203,Multiple myeloma and immunoproliferative neoplasms,2,lab_36916-5_NORMAL,Kappa light chains.free [Mass/volume] in Serum - normal,lab,across,laboratory,5.875880606767054,4.612137885528598,2.5046246869777637,positive control: tumour marker ordering
control,icd_203,Multiple myeloma and immunoproliferative neoplasms,3,lab_2465-3_HIGH,IgG [Mass/volume] in Serum or Plasma - high,lab,across,laboratory,5.59698442854519,4.557687153657419,3.703227682625197,positive control: paraprotein workup panel
control,icd_203,Multiple myeloma and immunoproliferative neoplasms,4,lab_2458-8_LOW,IgA [Mass/volume] in Serum or Plasma - low,lab,across,laboratory,5.477275097207579,4.435419237303137,3.6850612761832906,positive control: paraprotein workup panel
control,icd_203,Multiple myeloma and immunoproliferative neoplasms,5,icd_273,Disorders of plasma protein metabolism,icd,within,clinical precursor,4.703457613775353,4.276263123336839,21.918392790397547,positive control: same organ system
control,icd_203,Multiple myeloma and immunoproliferative neoplasms,6,lab_2874-6_HIGH,Gamma globulin [Mass/volume] in Serum or Plasma by Electrophoresis - high,lab,across,laboratory,5.183124671906787,4.12957485191286,3.603710016260521,positive control: tumour marker ordering
control,icd_154,"Malignant neoplasm of rectum, rectosigmoid junction, and anus",1,icd_569,Other disorders of intestine,icd,within,clinical precursor,2.8852327292119813,2.2847713772630907,11.0940436896351,positive control: same organ system
control,icd_180,Malignant neoplasm of cervix uteri,1,icd_622,Noninflammatory disorders of cervix,icd,within,clinical precursor,3.609188358298263,3.213332906598736,25.52623308430566,positive control: same organ system
control,icd_180,Malignant neoplasm of cervix uteri,2,icd_795,"Other and nonspecific abnormal cytological, histological, immunological and DNA test findings",icd,within,clinical precursor,2.493921796151427,1.877345405949003,10.521707144545417,cross-system candidate
control,icd_180,Malignant neoplasm of cervix uteri,3,lab_19080-1_NORMAL,Choriogonadotropin [Units/volume] in Serum or Plasma - normal,lab,across,laboratory,2.116962064839318,1.2480306408651105,5.297719803492271,positive control: tumour marker ordering
control,icd_180,Malignant neoplasm of cervix uteri,4,icd_623,Noninflammatory disorders of vagina,icd,within,clinical precursor,2.4377156441934287,1.1857044132559,2.551781837741089,positive control: same organ system
control,icd_170,Malignant neoplasm of bone and articular cartilage,1,icd_733,Other disorders of bone and cartilage,icd,within,clinical precursor,2.342140170274253,1.8536294315816304,16.76145676808551,cross-system candidate
control,icd_204,Lymphoid leukemia,1,icd_288,Diseases of white blood cells,icd,within,clinical precursor,3.026892376372108,1.869157327935328,2.9842941618317558,positive control: same organ system
control,icd_204,Lymphoid leukemia,2,lab_789-8_LOW,Erythrocytes [#/volume] in Blood by Automated count - low,lab,across,laboratory,1.9346049924049096,1.430822008048161,15.760609248574156,cross-system candidate
control,icd_204,Lymphoid leukemia,3,lab_788-0_HIGH,Erythrocyte [DistWidth] in Red Blood Cells by Automated count - high,lab,across,laboratory,2.090038897395538,1.4105810933276457,8.66433047780447,cross-system candidate
control,icd_204,Lymphoid leukemia,4,lab_777-3_LOW,Platelets [#/volume] in Blood by Automated count - low,lab,across,laboratory,2.224393541215023,1.2770822625437617,4.457327812150311,cross-system candidate
control,icd_204,Lymphoid leukemia,5,lab_764-1_NORMAL,Band form neutrophils/Leukocytes in Blood by Manual count - normal,lab,across,laboratory,2.379450248061953,1.2228476374134576,2.990140909727188,cross-system candidate
control,icd_204,Lymphoid leukemia,6,lab_718-7_LOW,Hemoglobin [Mass/volume] in Blood - low,lab,across,laboratory,1.6963649004487018,1.101730292856402,11.312526991882578,cross-system candidate
control,icd_150,Malignant neoplasm of esophagus,1,icd_530,Diseases of esophagus,icd,within,clinical precursor,2.700792926684307,2.215451208247993,16.9810579604233,positive control: same organ system
control,icd_155,Malignant neoplasm of liver and intrahepatic bile ducts,1,icd_573,Other disorders of liver,icd,within,clinical precursor,4.58163031291733,4.111880662283783,18.127046957578383,positive control: same organ system
control,icd_155,Malignant neoplasm of liver and intrahepatic bile ducts,2,icd_571,Chronic liver disease and cirrhosis,icd,within,clinical precursor,3.244027841945877,2.438049452272322,6.15762442842157,positive control: same organ system
control,icd_155,Malignant neoplasm of liver and intrahepatic bile ducts,3,icd_070,Viral hepatitis,icd,within,clinical precursor,3.162400101766649,2.384753459199259,6.614475142875335,cross-system candidate
control,icd_155,Malignant neoplasm of liver and intrahepatic bile ducts,4,icd_576,Other disorders of biliary tract,icd,within,clinical precursor,3.510993426689335,2.121485321519563,2.071752265863367,positive control: same organ system
control,icd_155,Malignant neoplasm of liver and intrahepatic bile ducts,5,lab_1975-2_HIGH,Bilirubin.total [Mass/volume] in Serum or Plasma - high,lab,across,laboratory,2.8739253309041106,1.6451751861976387,2.649310296435061,cross-system candidate
control,icd_155,Malignant neoplasm of liver and intrahepatic bile ducts,6,lab_6768-6_HIGH,Alkaline phosphatase [Enzymatic activity/volume] in Serum or Plasma - high,lab,across,laboratory,2.770798594175138,1.5787395260795312,2.814909519343942,cross-system candidate
control,icd_151,Malignant neoplasm of stomach,1,lab_789-8_LOW,Erythrocytes [#/volume] in Blood by Automated count - low,lab,across,laboratory,1.7318918107931474,1.1328592082764462,11.14702748769946,cross-system candidate
control,icd_151,Malignant neoplasm of stomach,2,icd_578,Gastrointestinal hemorrhage,icd,within,clinical precursor,2.241205195024466,1.0738202193597748,2.9351600800121105,cross-system candidate
control,icd_151,Malignant neoplasm of stomach,3,lab_718-7_LOW,Hemoglobin [Mass/volume] in Blood - low,lab,across,laboratory,1.6741397553841604,1.0280919327598812,9.583643654006778,cross-system candidate
control,icd_151,Malignant neoplasm of stomach,4,lab_788-0_HIGH,Erythrocyte [DistWidth] in Red Blood Cells by Automated count - high,lab,across,laboratory,1.841345139737544,1.0146335782135796,5.852642124294789,cross-system candidate
control,icd_201,Hodgkin's disease,1,icd_785,Symptoms involving cardiovascular system,icd,within,clinical precursor,2.1913921796253866,1.488180351936986,8.088866313999347,positive control: same organ system
control,icd_161,Malignant neoplasm of larynx,1,icd_478,Other diseases of upper respiratory tract,icd,within,clinical precursor,3.274557423985017,2.202588186237139,3.480930450587266,positive control: same organ system
control,icd_161,Malignant neoplasm of larynx,2,icd_784,Symptoms involving head and neck,icd,within,clinical precursor,1.926540649011401,1.1303296440730175,6.30962631984346,cross-system candidate
control,icd_200,Lymphosarcoma and reticulosarcoma and other specified malignant tumors of lymphatic tissue,1,lab_789-8_LOW,Erythrocytes [#/volume] in Blood by Automated count - low,lab,across,laboratory,2.130133957593639,1.501018208368313,10.106455696091984,cross-system candidate
control,icd_200,Lymphosarcoma and reticulosarcoma and other specified malignant tumors of lymphatic tissue,2,lab_788-0_HIGH,Erythrocyte [DistWidth] in Red Blood Cells by Automated count - high,lab,across,laboratory,2.1653934412142126,1.264351311013824,4.926855166727364,cross-system candidate
control,icd_200,Lymphosarcoma and reticulosarcoma and other specified malignant tumors of lymphatic tissue,3,lab_718-7_LOW,Hemoglobin [Mass/volume] in Blood - low,lab,across,laboratory,1.9737667582957124,1.2609813979301716,7.873039832803329,cross-system candidate
control,icd_200,Lymphosarcoma and reticulosarcoma and other specified malignant tumors of lymphatic tissue,4,lab_X1727-7_HIGH,X1727-7 - high,lab,across,laboratory,2.4955931587332354,1.1968696579601346,2.371518914251752,cross-system candidate
control,icd_200,Lymphosarcoma and reticulosarcoma and other specified malignant tumors of lymphatic tissue,5,lab_736-9_LOW,Lymphocytes/Leukocytes in Blood by Automated count - low,lab,across,laboratory,2.090725865692682,1.1426008158517555,4.449679689691209,cross-system candidate
control,icd_200,Lymphosarcoma and reticulosarcoma and other specified malignant tumors of lymphatic tissue,6,med_8591,potassium chloride,med,across,medication,2.1579128820379423,1.0134087496122488,3.0536922094210013,cross-system candidate
control,icd_192,Malignant neoplasm of other and unspecified parts of nervous system,1,icd_348,Other conditions of brain,icd,within,clinical precursor,2.5511579303974803,1.3237223299988694,2.6549879884697702,positive control: same organ system
control,icd_141,Malignant neoplasm of tongue,1,icd_528,"Diseases of the oral soft tissues, excluding lesions specific for gingiva and tongue",icd,within,clinical precursor,4.32765881122795,3.096251355967841,2.6378884974717494,positive control: same organ system
control,icd_184,Malignant neoplasm of other and unspecified female genital organs,1,icd_624,Noninflammatory disorders of vulva and perineum,icd,within,clinical precursor,4.7385108950465336,3.4931186648930392,2.578978297856395,positive control: same organ system
control,icd_184,Malignant neoplasm of other and unspecified female genital organs,2,icd_622,Noninflammatory disorders of cervix,icd,within,clinical precursor,2.799130080786619,1.8613262222430509,4.548162370934847,positive control: same organ system
control,icd_184,Malignant neoplasm of other and unspecified female genital organs,3,lab_19080-1_NORMAL,Choriogonadotropin [Units/volume] in Serum or Plasma - normal,lab,across,laboratory,2.28414604271218,1.0212853996999114,2.5081247508628195,positive control: tumour marker ordering
control,icd_C50,Malignant neoplasm of breast,1,proc_99203,"Office or other outpatient visit for the evaluation and management of a new patient, which requires a medically appropriate history and/or examination and low level of medical decision making. When using total time on the date of the encounter for code...",proc,across,care pathway,3.480574937878636,2.322020106945708,2.980072339089133,care pathway
control,icd_C50,Malignant neoplasm of breast,2,proc_99213,"Office or other outpatient visit for the evaluation and management of an established patient, which requires a medically appropriate history and/or examination and low level of medical decision making. When using total time on the date of the encounter...",proc,across,care pathway,2.665946303584793,1.796305808908528,5.289084220192649,care pathway
control,icd_C50,Malignant neoplasm of breast,3,proc_99396,"Periodic comprehensive preventive medicine reevaluation and management of an individual including an age and gender appropriate history, examination, counseling/anticipatory guidance/risk factor reduction interventions, and the ordering of laboratory/d...",proc,across,care pathway,2.898636490185173,1.753112317373121,3.048256265567545,care pathway
control,icd_C50,Malignant neoplasm of breast,4,proc_99214,"Office or other outpatient visit for the evaluation and management of an established patient, which requires a medically appropriate history and/or examination and moderate level of medical decision making. When using total time on the date of the enco...",proc,across,care pathway,2.513883410426355,1.3918938241428138,3.177476441142701,care pathway
control,icd_194,Malignant neoplasm of other endocrine glands and related structures,1,icd_255,Disorders of adrenal glands,icd,within,clinical precursor,4.855191882404465,3.873761196431786,4.152797226433563,positive control: same organ system
control,icd_186,Malignant neoplasm of testis,1,icd_608,Other disorders of male genital organs,icd,within,clinical precursor,4.274015921003898,3.3814431834238587,5.020798079461201,positive control: same organ system
control,icd_C44,Other and unspecified malignant neoplasm of skin,1,proc_99396,"Periodic comprehensive preventive medicine reevaluation and management of an individual including an age and gender appropriate history, examination, counseling/anticipatory guidance/risk factor reduction interventions, and the ordering of laboratory/d...",proc,across,care pathway,4.010435548296853,3.3186346637751845,8.357911446572075,care pathway
control,icd_C44,Other and unspecified malignant neoplasm of skin,2,icd_Z00,"Encounter for general examination without complaint, suspected or reported diagnosis",icd,within,clinical precursor,3.803645193159893,3.0938965538536287,7.94055492544885,care pathway: screening encounter
control,icd_C44,Other and unspecified malignant neoplasm of skin,3,icd_Z23,Encounter for immunization,icd,within,clinical precursor,3.924975694048451,2.977143559851217,4.4524303501515305,care pathway: screening encounter
control,icd_C44,Other and unspecified malignant neoplasm of skin,4,proc_90686,"Influenza virus vaccine, quadrivalent (IIV4), split virus, preservative free, 0.5 mL dosage, for intramuscular use",proc,across,care pathway,3.975234296173201,2.8950391651410428,3.428116406534855,care pathway
control,icd_C44,Other and unspecified malignant neoplasm of skin,5,icd_E78,Disorders of lipoprotein metabolism and other lipidemias,icd,within,clinical precursor,3.852596799914125,2.826826056096784,3.8015383383807935,cross-system candidate
control,icd_C44,Other and unspecified malignant neoplasm of skin,6,proc_99213,"Office or other outpatient visit for the evaluation and management of an established patient, which requires a medically appropriate history and/or examination and low level of medical decision making. When using total time on the date of the encounter...",proc,across,care pathway,3.433489373626152,2.809652778823259,10.278229170790382,care pathway
control,icd_156,Malignant neoplasm of gallbladder and extrahepatic bile ducts,1,icd_576,Other disorders of biliary tract,icd,within,clinical precursor,4.680831523085245,3.5010684459037678,2.873891654903389,positive control: same organ system
control,icd_158,Malignant neoplasm of retroperitoneum and peritoneum,1,icd_789,Other symptoms involving abdomen and pelvis,icd,within,clinical precursor,2.0110818970812168,1.2724745588176294,7.33217387039943,cross-system candidate
control,icd_158,Malignant neoplasm of retroperitoneum and peritoneum,2,icd_V72,Special investigations and examinations,icd,within,clinical precursor,1.7993472930688004,1.103833582752366,8.268916386127103,care pathway: screening encounter
control,icd_158,Malignant neoplasm of retroperitoneum and peritoneum,3,lab_5898-2_NORMAL,Deprecated Activated partial thrombplastin time (aPTT) in Blood by Coagulation assay - normal,lab,across,laboratory,1.8867807793277147,1.02120574074933,5.338884724106606,cross-system candidate
control,icd_158,Malignant neoplasm of retroperitoneum and peritoneum,4,lab_5902-2_NORMAL,Prothrombin time (PT) - normal,lab,across,laboratory,1.9194321445590945,1.0063076675735712,4.79733473244184,cross-system candidate
control,icd_208,Leukemia of unspecified cell type,1,lab_777-3_LOW,Platelets [#/volume] in Blood by Automated count - low,lab,across,laboratory,2.729853097930789,1.4917727565996923,2.609530250988911,cross-system candidate
control,icd_208,Leukemia of unspecified cell type,2,lab_789-8_LOW,Erythrocytes [#/volume] in Blood by Automated count - low,lab,across,laboratory,2.1708577801398574,1.417576592307856,7.049296016787082,cross-system candidate
control,icd_208,Leukemia of unspecified cell type,3,lab_788-0_HIGH,Erythrocyte [DistWidth] in Red Blood Cells by Automated count - high,lab,across,laboratory,2.328900145984621,1.314265476141823,3.8854434758104617,cross-system candidate
control,icd_208,Leukemia of unspecified cell type,4,lab_718-7_LOW,Hemoglobin [Mass/volume] in Blood - low,lab,across,laboratory,2.1065661795772894,1.2915028142518996,6.021119472478517,cross-system candidate
control,icd_208,Leukemia of unspecified cell type,5,lab_5902-2_HIGH,Prothrombin time (PT) - high,lab,across,laboratory,2.1618451261647285,1.0352545508671636,3.151575849616677,cross-system candidate
control,icd_152,"Malignant neoplasm of small intestine, including duodenum",1,lab_789-8_LOW,Erythrocytes [#/volume] in Blood by Automated count - low,lab,across,laboratory,1.911899036229081,1.0526259303925516,5.417482948516295,cross-system candidate
control,icd_163,Malignant neoplasm of pleura,1,icd_511,Pleurisy,icd,within,clinical precursor,3.553045934509573,2.7178451626608724,5.734271047255675,positive control: same organ system
control,icd_C61,Malignant neoplasm of prostate,1,icd_Z00,"Encounter for general examination without complaint, suspected or reported diagnosis",icd,within,clinical precursor,2.992887764784435,1.6368684969815377,2.1753456331248344,care pathway: screening encounter
control,icd_C61,Malignant neoplasm of prostate,2,proc_99214,"Office or other outpatient visit for the evaluation and management of an established patient, which requires a medically appropriate history and/or examination and moderate level of medical decision making. When using total time on the date of the enco...",proc,across,care pathway,2.7665081743309505,1.4402118633557333,2.2739393023932597,care pathway
control,icd_C61,Malignant neoplasm of prostate,3,proc_99213,"Office or other outpatient visit for the evaluation and management of an established patient, which requires a medically appropriate history and/or examination and low level of medical decision making. When using total time on the date of the encounter...",proc,across,care pathway,2.6114487354538047,1.412826701225759,2.784168254158544,care pathway
full,icd_174,Malignant neoplasm of female breast,1,icd_611,Other disorders of breast,icd,within,clinical precursor,2.880480930533052,2.7566474090509923,260.8456177300632,positive control: same organ system
full,icd_174,Malignant neoplasm of female breast,2,icd_V84,Genetic susceptibility to disease,icd,within,clinical precursor,3.035378032202348,2.112007288577398,4.691457334888696,cross-system candidate
full,icd_174,Malignant neoplasm of female breast,3,icd_610,Benign mammary dysplasias,icd,within,clinical precursor,2.161854363148448,1.8389158387211828,38.35484907941827,positive control: same organ system
full,icd_174,Malignant neoplasm of female breast,4,icd_793,Nonspecific (abnormal) findings on radiological and other examination of body structure,icd,within,clinical precursor,1.9229925529765448,1.7416119426559378,121.5845169013528,cross-system candidate
full,icd_173,Other and unspecified malignant neoplasm of skin,1,icd_702,Other dermatoses,icd,within,clinical precursor,2.6939351328232406,2.4994845906348324,105.7892831962613,positive control: same organ system
full,icd_173,Other and unspecified malignant neoplasm of skin,2,icd_709,Other disorders of skin and subcutaneous tissue,icd,within,clinical precursor,2.370541398922444,2.158119363225545,88.64635001361239,positive control: same organ system
full,icd_173,Other and unspecified malignant neoplasm of skin,3,icd_692,Contact dermatitis and other eczema,icd,within,clinical precursor,1.5552529529096792,1.2550367155620967,44.38044332470645,positive control: same organ system
full,icd_173,Other and unspecified malignant neoplasm of skin,4,icd_706,Diseases of sebaceous glands,icd,within,clinical precursor,1.440028409947515,1.091887198916627,33.002673274324934,positive control: same organ system
full,icd_185,Malignant neoplasm of prostate,1,icd_602,Other disorders of prostate,icd,within,clinical precursor,3.978807359813726,3.388698724072217,11.48672042440603,positive control: same organ system
full,icd_185,Malignant neoplasm of prostate,2,lab_2857-1_HIGH,Prostate specific Ag [Mass/volume] in Serum or Plasma - high,lab,across,laboratory,3.836730104538116,3.3553477511625385,17.261544801925538,positive control: tumour marker ordering
full,icd_185,Malignant neoplasm of prostate,3,icd_790,Nonspecific findings on examination of blood,icd,within,clinical precursor,2.9916870081861457,2.807799889784056,118.29254535837843,positive control: same organ system
full,icd_185,Malignant neoplasm of prostate,4,icd_600,Hyperplasia of prostate,icd,within,clinical precursor,2.584733035768093,2.316116841772383,55.43647517596719,positive control: same organ system
full,icd_185,Malignant neoplasm of prostate,5,icd_607,Disorders of penis,icd,within,clinical precursor,1.922106539623402,1.253304633640301,8.942624334612503,positive control: same organ system
full,icd_202,Other malignant neoplasms of lymphoid and histiocytic tissue,1,lab_2458-8_LOW,IgA [Mass/volume] in Serum or Plasma - low,lab,across,laboratory,4.456786154474128,3.672895484219169,6.50952051724272,positive control: paraprotein workup panel
full,icd_202,Other malignant neoplasms of lymphoid and histiocytic tissue,2,lab_2472-9_HIGH,IgM [Mass/volume] in Serum or Plasma - high,lab,across,laboratory,4.3605910910362295,3.6319635771030496,7.534403204922228,positive control: paraprotein workup panel
full,icd_202,Other malignant neoplasms of lymphoid and histiocytic tissue,3,lab_2465-3_LOW,IgG [Mass/volume] in Serum or Plasma - low,lab,across,laboratory,4.026145260490566,3.204161725005093,5.920164223806779,positive control: paraprotein workup panel
full,icd_202,Other malignant neoplasms of lymphoid and histiocytic tissue,4,lab_2874-6_HIGH,Gamma globulin [Mass/volume] in Serum or Plasma by Electrophoresis - high,lab,across,laboratory,3.7595440767244015,2.802330804163642,4.365586197150208,positive control: tumour marker ordering
full,icd_202,Other malignant neoplasms of lymphoid and histiocytic tissue,5,icd_273,Disorders of plasma protein metabolism,icd,within,clinical precursor,3.1813909558936766,2.7741762234203327,24.121984148732736,cross-system candidate
full,icd_202,Other malignant neoplasms of lymphoid and histiocytic tissue,6,lab_8101-8_NORMAL,CD3+CD8+ (T8 suppressor) cells/cells in Blood - normal,lab,across,laboratory,3.5714796611570025,2.465622808149659,3.270861569098656,cross-system candidate
full,icd_162,"Malignant neoplasm of trachea, bronchus, and lung",1,lab_2039-6_HIGH,Carcinoembryonic Ag [Mass/volume] in Serum or Plasma - high,lab,across,laboratory,5.301396045721114,4.411103593330456,5.046550321449047,positive control: tumour marker ordering
full,icd_162,"Malignant neoplasm of trachea, bronchus, and lung",2,icd_518,Other diseases of lung,icd,within,clinical precursor,2.519927480115416,2.3162575728699,96.42868850593824,positive control: same organ system
full,icd_162,"Malignant neoplasm of trachea, bronchus, and lung",3,icd_492,Emphysema,icd,within,clinical precursor,2.7213837196762625,2.062833057287964,9.22319964584426,positive control: same organ system
full,icd_162,"Malignant neoplasm of trachea, bronchus, and lung",4,icd_511,Pleurisy,icd,within,clinical precursor,2.0317620120864786,1.6312187501147863,24.932230347300788,positive control: same organ system
full,icd_162,"Malignant neoplasm of trachea, bronchus, and lung",5,icd_519,Other diseases of respiratory system,icd,within,clinical precursor,2.4830018834352097,1.5840925147192406,4.950261914436737,positive control: same organ system
full,icd_162,"Malignant neoplasm of trachea, bronchus, and lung",6,icd_512,Pneumothorax and air leak,icd,within,clinical precursor,2.2725450812891976,1.5795467298498864,8.329052285525904,positive control: same organ system
full,icd_183,Malignant neoplasm of ovary and other uterine adnexa,1,lab_19080-1_NORMAL,Choriogonadotropin [Units/volume] in Serum or Plasma - normal,lab,across,laboratory,2.9800391309666687,2.6729201043281035,42.40787840213898,positive control: tumour marker ordering
full,icd_183,Malignant neoplasm of ovary and other uterine adnexa,2,icd_620,"Noninflammatory disorders of ovary, fallopian tube, and broad ligament",icd,within,clinical precursor,2.624650908445968,2.2360685813769514,26.490728509102155,positive control: same organ system
full,icd_183,Malignant neoplasm of ovary and other uterine adnexa,3,lab_5902-2_NORMAL,Prothrombin time (PT) - normal,lab,across,laboratory,2.1407726738290616,1.9021650346603665,70.25727541762171,cross-system candidate
full,icd_183,Malignant neoplasm of ovary and other uterine adnexa,4,lab_2336-6_HIGH,Globulin [Mass/volume] in Serum - high,lab,across,laboratory,2.707460107346129,1.9005802714756983,6.143873517275949,positive control: paraprotein workup panel
full,icd_183,Malignant neoplasm of ovary and other uterine adnexa,5,icd_V72,Special investigations and examinations,icd,within,clinical precursor,2.0114884050642488,1.8288811892160564,119.95659269991393,care pathway: screening encounter
full,icd_183,Malignant neoplasm of ovary and other uterine adnexa,6,med_91166,ephedrine,med,across,medication,2.1300081274366764,1.4229069195195745,8.000126110182748,cross-system candidate
full,icd_191,Malignant neoplasm of brain,1,icd_348,Other conditions of brain,icd,within,clinical precursor,3.6917735566476737,3.4408619523716952,63.53579915578303,positive control: same organ system
full,icd_191,Malignant neoplasm of brain,2,med_114477,levetiracetam,med,across,medication,3.7030728257012777,3.0136500612050745,8.415671063191041,cross-system candidate
full,icd_191,Malignant neoplasm of brain,3,med_8183,phenytoin,med,across,medication,3.495101695286886,2.762575402349713,7.454414811312517,cross-system candidate
full,icd_191,Malignant neoplasm of brain,4,lab_3968-5_NORMAL,Phenytoin [Mass/volume] in Serum or Plasma - normal,lab,across,laboratory,3.563063634216149,2.6476992163049053,4.773884839674679,cross-system candidate
full,icd_191,Malignant neoplasm of brain,5,med_3264,dexamethasone,med,across,medication,3.0958116419598447,2.5498189452482447,13.41795478953054,cross-system candidate
full,icd_191,Malignant neoplasm of brain,6,med_235988,venlafaxine,med,across,medication,3.54506729944063,2.2290088639095123,2.3094557471677035,cross-system candidate
full,icd_193,Malignant neoplasm of thyroid gland,1,icd_241,Nontoxic nodular goiter,icd,within,clinical precursor,4.04963628557377,3.845595833568261,96.0787706306437,positive control: same organ system
full,icd_193,Malignant neoplasm of thyroid gland,2,icd_246,Other disorders of thyroid,icd,within,clinical precursor,3.7665999261052714,3.268825160019237,16.143371363444203,positive control: same organ system
full,icd_193,Malignant neoplasm of thyroid gland,3,icd_240,Simple and unspecified goiter,icd,within,clinical precursor,3.4510550122851087,2.7326566068601097,7.75049199327168,positive control: same organ system
full,icd_193,Malignant neoplasm of thyroid gland,4,icd_245,Thyroiditis,icd,within,clinical precursor,3.058094931647706,2.2392015072481524,5.964928245297415,positive control: same organ system
full,icd_193,Malignant neoplasm of thyroid gland,5,icd_V72,Special investigations and examinations,icd,within,clinical precursor,1.9313923832933444,1.7202502856786923,89.72435143471557,care pathway: screening encounter
full,icd_193,Malignant neoplasm of thyroid gland,6,lab_19080-1_NORMAL,Choriogonadotropin [Units/volume] in Serum or Plasma - normal,lab,across,laboratory,1.972557481853424,1.4079549130187463,12.547993694321915,positive control: tumour marker ordering
full,icd_172,Malignant melanoma of skin,1,icd_709,Other disorders of skin and subcutaneous tissue,icd,within,clinical precursor,2.232357757119241,1.8279483291871663,24.45780330471007,positive control: same organ system
full,icd_172,Malignant melanoma of skin,2,icd_702,Other dermatoses,icd,within,clinical precursor,1.946006634292288,1.4438545415816395,15.863150239096171,positive control: same organ system
full,icd_153,Malignant neoplasm of colon,1,med_7300,neomycin,med,across,medication,5.001854646975488,3.8536509956655296,3.0340458824418874,care pathway: procedure preparation
full,icd_153,Malignant neoplasm of colon,2,icd_560,Intestinal obstruction without mention of hernia,icd,within,clinical precursor,2.641913981795648,1.743405906043769,4.954684688005955,positive control: same organ system
full,icd_153,Malignant neoplasm of colon,3,icd_569,Other disorders of intestine,icd,within,clinical precursor,2.167227569101658,1.605174864709818,12.66210491593938,positive control: same organ system
full,icd_153,Malignant neoplasm of colon,4,icd_578,Gastrointestinal hemorrhage,icd,within,clinical precursor,1.8644059247262488,1.1169453511726648,7.159511841997983,positive control: same organ system
full,icd_153,Malignant neoplasm of colon,5,med_4053,erythromycin,med,across,medication,2.1708183675687733,1.0630246798183838,3.2594342061753423,cross-system candidate
full,icd_153,Malignant neoplasm of colon,6,med_6960,midazolam,med,across,care pathway,1.516228290873661,1.025340668487836,16.59953139658694,care pathway
full,icd_182,Malignant neoplasm of body of uterus,1,icd_621,"Disorders of uterus, not elsewhere classified",icd,within,clinical precursor,3.3528133700469303,2.9007864973030766,19.576339272003903,positive control: same organ system
full,icd_182,Malignant neoplasm of body of uterus,2,lab_19080-1_NORMAL,Choriogonadotropin [Units/volume] in Serum or Plasma - normal,lab,across,laboratory,2.7147744692712927,2.290616401568856,22.23333068629927,positive control: tumour marker ordering
full,icd_182,Malignant neoplasm of body of uterus,3,icd_627,Menopausal and postmenopausal disorders,icd,within,clinical precursor,2.1393808295537906,1.6787767536693543,18.854040597668245,positive control: same organ system
full,icd_182,Malignant neoplasm of body of uterus,4,icd_V72,Special investigations and examinations,icd,within,clinical precursor,1.765569273142579,1.5158005142697093,64.11855992730761,care pathway: screening encounter
full,icd_182,Malignant neoplasm of body of uterus,5,icd_622,Noninflammatory disorders of cervix,icd,within,clinical precursor,2.073499911124633,1.5140500157268262,12.780198443934864,positive control: same organ system
full,icd_182,Malignant neoplasm of body of uterus,6,icd_620,"Noninflammatory disorders of ovary, fallopian tube, and broad ligament",icd,within,clinical precursor,2.03428398193027,1.4028919253294267,10.033715060108648,positive control: same organ system
full,icd_171,Malignant neoplasm of connective and other soft tissue,1,lab_5898-2_NORMAL,Deprecated Activated partial thrombplastin time (aPTT) in Blood by Coagulation assay - normal,lab,across,laboratory,1.6228584746932766,1.2198079943487743,24.623007943202538,cross-system candidate
full,icd_171,Malignant neoplasm of connective and other soft tissue,2,lab_5902-2_NORMAL,Prothrombin time (PT) - normal,lab,across,laboratory,1.633190510217054,1.2029166927690884,21.60579006873013,cross-system candidate
full,icd_171,Malignant neoplasm of connective and other soft tissue,3,lab_3173-2_NORMAL,aPTT in Blood by Coagulation assay - normal,lab,across,laboratory,1.5377831243297986,1.114752179781317,22.3519654417446,cross-system candidate
full,icd_189,Malignant neoplasm of kidney and other and unspecified urinary organs,1,icd_593,Other disorders of kidney and ureter,icd,within,clinical precursor,4.25983025326877,3.929009609167403,36.54893996651481,positive control: same organ system
full,icd_189,Malignant neoplasm of kidney and other and unspecified urinary organs,2,icd_753,Congenital anomalies of urinary system,icd,within,clinical precursor,3.8179954000137504,2.829385892237965,4.092704844324487,cross-system candidate
full,icd_189,Malignant neoplasm of kidney and other and unspecified urinary organs,3,icd_591,Hydronephrosis,icd,within,clinical precursor,2.758429260164387,1.5836991375118932,2.898569920170928,positive control: same organ system
full,icd_189,Malignant neoplasm of kidney and other and unspecified urinary organs,4,icd_592,Calculus of kidney and ureter,icd,within,clinical precursor,2.0533364634013878,1.2853673155321017,6.782228928846848,positive control: same organ system
full,icd_188,Malignant neoplasm of bladder,1,icd_599,Other disorders of urethra and urinary tract,icd,within,clinical precursor,2.619509136550493,2.17948340904912,20.65874105512239,positive control: same organ system
full,icd_188,Malignant neoplasm of bladder,2,icd_596,Other disorders of bladder,icd,within,clinical precursor,2.929938060250532,2.037898425272846,5.026800952461201,positive control: same organ system
full,icd_188,Malignant neoplasm of bladder,3,icd_591,Hydronephrosis,icd,within,clinical precursor,2.840311611069103,1.6135485483675267,2.6578998285929742,positive control: same organ system
full,icd_188,Malignant neoplasm of bladder,4,icd_593,Other disorders of kidney and ureter,icd,within,clinical precursor,2.376914248776252,1.4542031793603751,4.698167863904075,positive control: same organ system
full,icd_205,Myeloid leukemia,1,icd_284,Aplastic anemia and other bone marrow failure syndromes,icd,within,clinical precursor,4.5138367844970375,3.292253429419968,2.680487450452091,positive control: same organ system
full,icd_205,Myeloid leukemia,2,icd_288,Diseases of white blood cells,icd,within,clinical precursor,3.781143047186773,3.1487763949441376,10.00281121835883,positive control: same organ system
full,icd_205,Myeloid leukemia,3,lab_2532-0_HIGH,Lactate dehydrogenase [Enzymatic activity/volume] in Serum or Plasma - high,lab,across,laboratory,4.0959078443828805,2.829837381433113,2.495423366791499,cross-system candidate
full,icd_205,Myeloid leukemia,4,lab_737-7_LOW,Lymphocytes/Leukocytes in Blood by Manual count - low,lab,across,laboratory,2.908875142464072,2.1312814382421186,6.615375796487797,cross-system candidate
full,icd_205,Myeloid leukemia,5,lab_714-6_NORMAL,Eosinophils/Leukocytes in Blood by Manual count - normal,lab,across,laboratory,2.7549527594931806,2.0894244390390457,9.030814249147056,cross-system candidate
full,icd_205,Myeloid leukemia,6,med_8591,potassium chloride,med,across,medication,2.1114713913571688,1.440674411183119,8.889509404091655,cross-system candidate
full,icd_157,Malignant neoplasm of pancreas,1,icd_577,Diseases of pancreas,icd,within,clinical precursor,4.480459305610909,4.101269447969795,27.819323592647837,positive control: same organ system
full,icd_157,Malignant neoplasm of pancreas,2,icd_576,Other disorders of biliary tract,icd,within,clinical precursor,4.221625604501728,3.471099498253036,7.101145065425953,cross-system candidate
full,icd_157,Malignant neoplasm of pancreas,3,icd_573,Other disorders of liver,icd,within,clinical precursor,2.4661310327086348,1.427935134064542,3.711089032160999,cross-system candidate
full,icd_157,Malignant neoplasm of pancreas,4,lab_6768-6_HIGH,Alkaline phosphatase [Enzymatic activity/volume] in Serum or Plasma - high,lab,across,laboratory,2.453050101735061,1.3850053938560472,3.5065588051345173,cross-system candidate
full,icd_157,Malignant neoplasm of pancreas,5,lab_1751-7_LOW,Albumin [Mass/volume] in Serum or Plasma - low,lab,across,laboratory,2.064143932731476,1.068547953732792,4.035466287069937,cross-system candidate
full,icd_157,Malignant neoplasm of pancreas,6,icd_789,Other symptoms involving abdomen and pelvis,icd,within,clinical precursor,1.484182119836894,1.009348736256528,17.74097572722826,cross-system candidate
full,icd_203,Multiple myeloma and immunoproliferative neoplasms,1,lab_33944-0_NORMAL,Lambda light chains.free [Mass/volume] in Serum or Plasma - normal,lab,across,laboratory,5.851965950655309,4.755900780829728,3.3295630013812456,positive control: tumour marker ordering
full,icd_203,Multiple myeloma and immunoproliferative neoplasms,2,lab_36916-5_NORMAL,Kappa light chains.free [Mass/volume] in Serum - normal,lab,across,laboratory,5.858769233145424,4.595414377033441,2.5061628228240806,positive control: tumour marker ordering
full,icd_203,Multiple myeloma and immunoproliferative neoplasms,3,lab_2465-3_HIGH,IgG [Mass/volume] in Serum or Plasma - high,lab,across,laboratory,5.577279388282454,4.549442089106522,3.786267065858624,positive control: paraprotein workup panel
full,icd_203,Multiple myeloma and immunoproliferative neoplasms,4,lab_2458-8_LOW,IgA [Mass/volume] in Serum or Plasma - low,lab,across,laboratory,5.507072447516217,4.509007668748057,4.015526827071454,positive control: paraprotein workup panel
full,icd_203,Multiple myeloma and immunoproliferative neoplasms,5,icd_273,Disorders of plasma protein metabolism,icd,within,clinical precursor,4.665032812564061,4.247563313252273,22.951469086028737,positive control: same organ system
full,icd_203,Multiple myeloma and immunoproliferative neoplasms,6,lab_2874-6_HIGH,Gamma globulin [Mass/volume] in Serum or Plasma by Electrophoresis - high,lab,across,laboratory,5.135436666700196,4.099799955075355,3.7294528181556927,positive control: tumour marker ordering
full,icd_154,"Malignant neoplasm of rectum, rectosigmoid junction, and anus",1,icd_569,Other disorders of intestine,icd,within,clinical precursor,2.8610786774065504,2.275511332568942,11.6655788155648,positive control: same organ system
full,icd_180,Malignant neoplasm of cervix uteri,1,icd_622,Noninflammatory disorders of cervix,icd,within,clinical precursor,3.612852606503845,3.223744832958085,26.419231291255755,positive control: same organ system
full,icd_180,Malignant neoplasm of cervix uteri,2,icd_795,"Other and nonspecific abnormal cytological, histological, immunological and DNA test findings",icd,within,clinical precursor,2.4934906874572937,1.8874473713784847,10.890621376666104,cross-system candidate
full,icd_180,Malignant neoplasm of cervix uteri,3,lab_19080-1_NORMAL,Choriogonadotropin [Units/volume] in Serum or Plasma - normal,lab,across,laboratory,2.123587661382549,1.267580856824119,5.458905262951816,positive control: tumour marker ordering
full,icd_180,Malignant neoplasm of cervix uteri,4,icd_623,Noninflammatory disorders of vagina,icd,within,clinical precursor,2.434971227661612,1.1997943143933167,2.621812682927924,positive control: same organ system
full,icd_170,Malignant neoplasm of bone and articular cartilage,1,icd_733,Other disorders of bone and cartilage,icd,within,clinical precursor,2.3111957864461634,1.8338877151347703,17.557490195715218,cross-system candidate
full,icd_204,Lymphoid leukemia,1,lab_2472-9_NORMAL,IgM [Mass/volume] in Serum or Plasma - normal,lab,across,laboratory,3.515688765345658,2.125813382454641,2.0706574800650657,positive control: paraprotein workup panel
full,icd_204,Lymphoid leukemia,2,icd_288,Diseases of white blood cells,icd,within,clinical precursor,3.0618658089781428,1.954556342038152,3.262285497540745,positive control: same organ system
full,icd_204,Lymphoid leukemia,3,lab_789-8_LOW,Erythrocytes [#/volume] in Blood by Automated count - low,lab,across,laboratory,1.936950174607144,1.4522083863025572,17.023116444845073,cross-system candidate
full,icd_204,Lymphoid leukemia,4,lab_788-0_HIGH,Erythrocyte [DistWidth] in Red Blood Cells by Automated count - high,lab,across,laboratory,2.0832865610556435,1.4288477910409003,9.339463988214618,cross-system candidate
full,icd_204,Lymphoid leukemia,5,lab_777-3_LOW,Platelets [#/volume] in Blood by Automated count - low,lab,across,laboratory,2.223386114942968,1.3090845505151647,4.7849903424876175,cross-system candidate
full,icd_204,Lymphoid leukemia,6,lab_764-1_NORMAL,Band form neutrophils/Leukocytes in Blood by Manual count - normal,lab,across,laboratory,2.373182436082789,1.25639705870061,3.2071594597399558,cross-system candidate
full,icd_150,Malignant neoplasm of esophagus,1,icd_530,Diseases of esophagus,icd,within,clinical precursor,2.7155277984426784,2.253596153466785,18.745825132211053,positive control: same organ system
full,icd_155,Malignant neoplasm of liver and intrahepatic bile ducts,1,icd_573,Other disorders of liver,icd,within,clinical precursor,4.555411174685137,4.094385311237344,18.81955766431838,positive control: same organ system
full,icd_155,Malignant neoplasm of liver and intrahepatic bile ducts,2,icd_571,Chronic liver disease and cirrhosis,icd,within,clinical precursor,3.2269463471402395,2.442796548150297,6.505218979169058,positive control: same organ system
full,icd_155,Malignant neoplasm of liver and intrahepatic bile ducts,3,icd_070,Viral hepatitis,icd,within,clinical precursor,3.1603930253431187,2.401597826066924,6.947216643868046,cross-system candidate
full,icd_155,Malignant neoplasm of liver and intrahepatic bile ducts,4,icd_576,Other disorders of biliary tract,icd,within,clinical precursor,3.486168464858626,2.1178232069800518,2.1363313242634376,positive control: same organ system
full,icd_155,Malignant neoplasm of liver and intrahepatic bile ducts,5,lab_1975-2_HIGH,Bilirubin.total [Mass/volume] in Serum or Plasma - high,lab,across,laboratory,2.855347605873457,1.6602769422061183,2.800740168938773,cross-system candidate
full,icd_155,Malignant neoplasm of liver and intrahepatic bile ducts,6,lab_6768-6_HIGH,Alkaline phosphatase [Enzymatic activity/volume] in Serum or Plasma - high,lab,across,laboratory,2.7820126003240326,1.63838788387668,3.0583904259039656,cross-system candidate
full,icd_151,Malignant neoplasm of stomach,1,lab_789-8_LOW,Erythrocytes [#/volume] in Blood by Automated count - low,lab,across,laboratory,1.7328842881386404,1.154419275897275,11.953794863284202,cross-system candidate
full,icd_151,Malignant neoplasm of stomach,2,icd_578,Gastrointestinal hemorrhage,icd,within,clinical precursor,2.2334814920980435,1.1062447286955706,3.1479636056280924,cross-system candidate
full,icd_151,Malignant neoplasm of stomach,3,lab_718-7_LOW,Hemoglobin [Mass/volume] in Blood - low,lab,across,laboratory,1.6797286054916307,1.0570325549428,10.315915329433096,cross-system candidate
full,icd_151,Malignant neoplasm of stomach,4,lab_788-0_HIGH,Erythrocyte [DistWidth] in Red Blood Cells by Automated count - high,lab,across,laboratory,1.8371024603373256,1.039509137899752,6.28777471047016,cross-system candidate
full,icd_201,Hodgkin's disease,1,icd_785,Symptoms involving cardiovascular system,icd,within,clinical precursor,2.179925401277641,1.4961370796126756,8.554933397763989,positive control: same organ system
full,icd_161,Malignant neoplasm of larynx,1,icd_478,Other diseases of upper respiratory tract,icd,within,clinical precursor,3.265508392784984,2.2122208023441923,3.605504619957856,positive control: same organ system
full,icd_161,Malignant neoplasm of larynx,2,icd_784,Symptoms involving head and neck,icd,within,clinical precursor,1.9110285662349675,1.1251761340185158,6.477061012468312,cross-system candidate
full,icd_200,Lymphosarcoma and reticulosarcoma and other specified malignant tumors of lymphatic tissue,1,lab_789-8_LOW,Erythrocytes [#/volume] in Blood by Automated count - low,lab,across,laboratory,2.134155463156387,1.5263904980465637,10.829007851753431,cross-system candidate
full,icd_200,Lymphosarcoma and reticulosarcoma and other specified malignant tumors of lymphatic tissue,2,lab_788-0_HIGH,Erythrocyte [DistWidth] in Red Blood Cells by Automated count - high,lab,across,laboratory,2.166107267060964,1.2972818512246271,5.299012665470002,cross-system candidate
full,icd_200,Lymphosarcoma and reticulosarcoma and other specified malignant tumors of lymphatic tissue,3,lab_718-7_LOW,Hemoglobin [Mass/volume] in Blood - low,lab,across,laboratory,1.9803213470655467,1.2923082266418886,8.450191491385226,cross-system candidate
full,icd_200,Lymphosarcoma and reticulosarcoma and other specified malignant tumors of lymphatic tissue,4,lab_X1727-7_HIGH,X1727-7 - high,lab,across,laboratory,2.5176641636882477,1.2687274476530306,2.564360774420408,cross-system candidate
full,icd_200,Lymphosarcoma and reticulosarcoma and other specified malignant tumors of lymphatic tissue,5,lab_736-9_LOW,Lymphocytes/Leukocytes in Blood by Automated count - low,lab,across,laboratory,2.10158163654522,1.1870501775166318,4.782584946436089,cross-system candidate
full,icd_200,Lymphosarcoma and reticulosarcoma and other specified malignant tumors of lymphatic tissue,6,med_8591,potassium chloride,med,across,medication,2.153867482625442,1.0433032678391296,3.243191855752002,cross-system candidate
full,icd_192,Malignant neoplasm of other and unspecified parts of nervous system,1,icd_348,Other conditions of brain,icd,within,clinical precursor,2.568312424340464,1.3751442689064837,2.809678857592189,positive control: same organ system
full,icd_141,Malignant neoplasm of tongue,1,icd_528,"Diseases of the oral soft tissues, excluding lesions specific for gingiva and tongue",icd,within,clinical precursor,4.35614944409711,3.176133671956008,2.8726609252898925,positive control: same organ system
full,icd_184,Malignant neoplasm of other and unspecified female genital organs,1,icd_624,Noninflammatory disorders of vulva and perineum,icd,within,clinical precursor,4.712731086389229,3.48251918216067,2.64301812228004,positive control: same organ system
full,icd_184,Malignant neoplasm of other and unspecified female genital organs,2,icd_622,Noninflammatory disorders of cervix,icd,within,clinical precursor,2.7957595319094835,1.8736238310880533,4.704032557278197,positive control: same organ system
full,icd_184,Malignant neoplasm of other and unspecified female genital organs,3,lab_19080-1_NORMAL,Choriogonadotropin [Units/volume] in Serum or Plasma - normal,lab,across,laboratory,2.2852021211315336,1.041608444072861,2.5864434107138834,positive control: tumour marker ordering
full,icd_C50,Malignant neoplasm of breast,1,proc_99203,"Office or other outpatient visit for the evaluation and management of a new patient, which requires a medically appropriate history and/or examination and low level of medical decision making. When using total time on the date of the encounter for code...",proc,across,care pathway,3.4525813562902643,2.3216073244570508,3.12719328466369,care pathway
full,icd_C50,Malignant neoplasm of breast,2,proc_99213,"Office or other outpatient visit for the evaluation and management of an established patient, which requires a medically appropriate history and/or examination and low level of medical decision making. When using total time on the date of the encounter...",proc,across,care pathway,2.6415853065451147,1.8007699641835484,5.657945189730299,care pathway
full,icd_C50,Malignant neoplasm of breast,3,proc_99396,"Periodic comprehensive preventive medicine reevaluation and management of an individual including an age and gender appropriate history, examination, counseling/anticipatory guidance/risk factor reduction interventions, and the ordering of laboratory/d...",proc,across,care pathway,2.869313778305466,1.7629693914447666,3.2679794567939098,care pathway
full,icd_C50,Malignant neoplasm of breast,4,proc_99214,"Office or other outpatient visit for the evaluation and management of an established patient, which requires a medically appropriate history and/or examination and moderate level of medical decision making. When using total time on the date of the enco...",proc,across,care pathway,2.4915201518323054,1.4199328097233248,3.4834119823961487,care pathway
full,icd_194,Malignant neoplasm of other endocrine glands and related structures,1,icd_255,Disorders of adrenal glands,icd,within,clinical precursor,4.854087443697791,3.9000840028957606,4.395012445084262,positive control: same organ system
full,icd_C44,Other and unspecified malignant neoplasm of skin,1,proc_88305,"Level IV - Surgical pathology, gross and microscopic examination Abortion - spontaneous/missed Artery, biopsy Bone marrow, biopsy Bone exostosis Brain/meninges, other than for tumor resection Breast, biopsy, not requiring microscopic evaluation of surg...",proc,across,care pathway,4.942038101374431,3.5767194203059667,2.1458132678549617,care pathway
full,icd_C44,Other and unspecified malignant neoplasm of skin,2,proc_99396,"Periodic comprehensive preventive medicine reevaluation and management of an individual including an age and gender appropriate history, examination, counseling/anticipatory guidance/risk factor reduction interventions, and the ordering of laboratory/d...",proc,across,care pathway,3.9788326510789855,3.3114607384608776,8.980988532088872,care pathway
full,icd_C44,Other and unspecified malignant neoplasm of skin,3,icd_Z00,"Encounter for general examination without complaint, suspected or reported diagnosis",icd,within,clinical precursor,3.7812489330636354,3.098777122851411,8.587970750113186,care pathway: screening encounter
full,icd_C44,Other and unspecified malignant neoplasm of skin,4,icd_Z23,Encounter for immunization,icd,within,clinical precursor,3.905550676604727,3.0000117223997216,4.878044035800599,care pathway: screening encounter
full,icd_C44,Other and unspecified malignant neoplasm of skin,5,proc_90686,"Influenza virus vaccine, quadrivalent (IIV4), split virus, preservative free, 0.5 mL dosage, for intramuscular use",proc,across,care pathway,3.9399510076027617,2.898886611445583,3.690666503063312,care pathway
full,icd_C44,Other and unspecified malignant neoplasm of skin,6,icd_E78,Disorders of lipoprotein metabolism and other lipidemias,icd,within,clinical precursor,3.821460739947694,2.8531789116245925,4.266349482078255,cross-system candidate
full,icd_186,Malignant neoplasm of testis,1,icd_608,Other disorders of male genital organs,icd,within,clinical precursor,4.26814374331239,3.389093169854844,5.176452916643257,positive control: same organ system
full,icd_156,Malignant neoplasm of gallbladder and extrahepatic bile ducts,1,icd_576,Other disorders of biliary tract,icd,within,clinical precursor,4.652074751277526,3.48676255182814,2.945611083340509,positive control: same organ system
full,icd_158,Malignant neoplasm of retroperitoneum and peritoneum,1,icd_789,Other symptoms involving abdomen and pelvis,icd,within,clinical precursor,2.008642447499722,1.2884768365222057,7.712500989037608,cross-system candidate
full,icd_158,Malignant neoplasm of retroperitoneum and peritoneum,2,icd_V72,Special investigations and examinations,icd,within,clinical precursor,1.794840835237797,1.1195321700238805,8.771125933308099,care pathway: screening encounter
full,icd_158,Malignant neoplasm of retroperitoneum and peritoneum,3,lab_5898-2_NORMAL,Deprecated Activated partial thrombplastin time (aPTT) in Blood by Coagulation assay - normal,lab,across,laboratory,1.8924013440101648,1.0569360597962143,5.730640625943124,cross-system candidate
full,icd_158,Malignant neoplasm of retroperitoneum and peritoneum,4,lab_3173-2_NORMAL,aPTT in Blood by Coagulation assay - normal,lab,across,laboratory,1.8794114699140687,1.0335720133390387,5.590930723059046,cross-system candidate
full,icd_158,Malignant neoplasm of retroperitoneum and peritoneum,5,lab_5902-2_NORMAL,Prothrombin time (PT) - normal,lab,across,laboratory,1.916287437531668,1.0304160825294415,5.097047415722045,cross-system candidate
full,icd_208,Leukemia of unspecified cell type,1,lab_777-3_LOW,Platelets [#/volume] in Blood by Automated count - low,lab,across,laboratory,2.7237139218576822,1.52395469777584,2.778892816684504,cross-system candidate
full,icd_208,Leukemia of unspecified cell type,2,lab_789-8_LOW,Erythrocytes [#/volume] in Blood by Automated count - low,lab,across,laboratory,2.1699634119038125,1.4429177010671044,7.567223443945295,cross-system candidate
full,icd_208,Leukemia of unspecified cell type,3,lab_714-6_NORMAL,Eosinophils/Leukocytes in Blood by Manual count - normal,lab,across,laboratory,2.7370964110205813,1.354152963258167,2.091467639525717,cross-system candidate
full,icd_208,Leukemia of unspecified cell type,4,lab_788-0_HIGH,Erythrocyte [DistWidth] in Red Blood Cells by Automated count - high,lab,across,laboratory,2.319230835647988,1.33910054973475,4.163824087441554,cross-system candidate
full,icd_208,Leukemia of unspecified cell type,5,lab_718-7_LOW,Hemoglobin [Mass/volume] in Blood - low,lab,across,laboratory,2.1039979136838456,1.3163314632073024,6.447261654588488,cross-system candidate
full,icd_208,Leukemia of unspecified cell type,6,lab_707-0_NORMAL,Basophils/Leukocytes in Blood by Manual count - normal,lab,across,laboratory,2.7014009799632963,1.312526770558934,2.073643833400851,cross-system candidate
full,icd_152,"Malignant neoplasm of small intestine, including duodenum",1,lab_789-8_LOW,Erythrocytes [#/volume] in Blood by Automated count - low,lab,across,laboratory,1.908022473480309,1.0766662808168324,5.787429571792927,cross-system candidate
full,icd_163,Malignant neoplasm of pleura,1,icd_511,Pleurisy,icd,within,clinical precursor,3.557657630122552,2.76876664142996,6.42726195616703,positive control: same organ system
full,icd_C61,Malignant neoplasm of prostate,1,icd_Z00,"Encounter for general examination without complaint, suspected or reported diagnosis",icd,within,clinical precursor,2.9662877532434773,1.665560132886717,2.3642166229222994,care pathway: screening encounter
full,icd_C61,Malignant neoplasm of prostate,2,proc_99396,"Periodic comprehensive preventive medicine reevaluation and management of an individual including an age and gender appropriate history, examination, counseling/anticipatory guidance/risk factor reduction interventions, and the ordering of laboratory/d...",proc,across,care pathway,2.9734032980569007,1.5743662731185244,2.043626733328864,care pathway
full,icd_C61,Malignant neoplasm of prostate,3,proc_99214,"Office or other outpatient visit for the evaluation and management of an established patient, which requires a medically appropriate history and/or examination and moderate level of medical decision making. When using total time on the date of the enco...",proc,across,care pathway,2.773484144484572,1.533713082063354,2.602417680660721,care pathway
full,icd_C61,Malignant neoplasm of prostate,4,proc_99213,"Office or other outpatient visit for the evaluation and management of an established patient, which requires a medically appropriate history and/or examination and low level of medical decision making. When using total time on the date of the encounter...",proc,across,care pathway,2.594639951453991,1.447975614902116,3.0421973287908486,care pathway
