cohort,cancer,source,target,a,lcb,expected
cancer,icd_183,icd_620,icd_V72,1.0236210463962288,0.879337739152036,3.7683582059965772
cancer,icd_183,icd_V72,icd_620,0.9344547562645936,0.777570206055696,6.9606699879767575
cancer,icd_183,icd_620,icd_625,1.7408513277344817,1.5427953346651813,2.4301427118452352
cancer,icd_183,icd_625,icd_620,2.288052195974468,2.18769982286638,4.508885882342952
cancer,icd_183,icd_620,icd_789,1.0236980740129795,0.8178412933773327,2.0750820401906225
cancer,icd_183,icd_789,icd_620,1.0911487480266262,0.9112699849592338,4.629200476613164
cancer,icd_183,icd_620,icd_998,1.2013746777287448,0.7724091128522534,0.3117399223042927
cancer,icd_183,icd_560,icd_789,1.7980353096633226,1.6591041084928038,2.0118030958684585
cancer,icd_183,icd_789,icd_560,2.2122798177015466,2.0985983847758147,5.1613117579966
cancer,icd_183,icd_560,icd_998,1.4081350281556992,0.8974504433521029,0.17133532757894532
cancer,icd_183,icd_998,icd_560,2.4182812449778965,2.1712326499896775,0.9371652796608032
cancer,icd_183,icd_560,icd_759,3.3837830809423965,3.1012853928947726,0.18502190054317857
cancer,icd_183,icd_625,icd_V72,0.7389949113929655,0.6044518087257402,5.5630163589731865
cancer,icd_183,icd_625,icd_789,0.9477809405508539,0.7919802807695694,3.774284767631684
cancer,icd_183,icd_789,icd_625,0.7939229563312281,0.5999633558337931,6.286385151792729
cancer,icd_191,icd_348,icd_431,2.6058218261653145,2.288683437282577,0.48136954189084946
cancer,icd_191,icd_431,icd_348,3.384355851605212,3.294458765555453,1.717889065011562
cancer,icd_191,icd_348,icd_432,2.672202104754156,2.333484282356876,0.5120036587553969
cancer,icd_191,icd_432,icd_348,3.4859653215001045,3.396259455619357,1.6397109697422252
cancer,icd_191,icd_348,icd_368,1.4174185084268638,1.0249534636088462,0.32066314964065157
cancer,icd_191,icd_368,icd_348,2.0971827784924773,1.8176112088989718,0.669045901419068
cancer,icd_191,icd_348,icd_784,1.4500099382643246,1.278599364849784,1.3792810125188026
cancer,icd_191,icd_784,icd_348,1.8776672497122397,1.7664761697032016,5.0576923909090965
cancer,icd_191,icd_348,icd_331,2.6121878277737203,2.415018061442296,1.0912161672357783
cancer,icd_191,icd_331,icd_348,2.2133265330036416,1.952840910642562,0.6566772314421314
cancer,icd_191,icd_759,icd_348,1.5139042028068412,0.8843596992384618,0.23182457949357627
cancer,icd_191,icd_348,icd_345,2.7320921981160984,2.551022909003281,2.6320870174262723
cancer,icd_191,icd_345,icd_348,1.8522176892304663,1.5675168602381366,0.788435529693686
cancer,icd_191,icd_431,icd_432,4.215718835375125,4.0769045464489455,0.6478082989604559
cancer,icd_191,icd_432,icd_431,4.832422330880394,4.75991379893975,1.0398131192980173
cancer,icd_191,icd_784,icd_431,1.6372905436536873,1.197960115962662,0.6561261356816388
cancer,icd_191,icd_431,icd_331,3.501614153884191,3.3461950768482174,0.7178213231424699
cancer,icd_191,icd_331,icd_431,2.407221877802633,1.7405638459120591,0.13151910959774682
cancer,icd_191,icd_431,icd_345,3.6668914871782294,3.530494855586408,1.8118029457373552
cancer,icd_191,icd_345,icd_431,2.1968109805779195,1.5701093101113632,0.1835905514909797
cancer,icd_191,icd_784,icd_432,2.000361286262304,1.6515990497556836,0.9389292245777057
cancer,icd_191,icd_432,icd_331,2.5256028790738836,2.070002228671409,0.23322964972637905
cancer,icd_191,icd_331,icd_432,2.330572466602656,1.509069243919087,0.12124571376503823
cancer,icd_191,icd_432,icd_345,2.1003946395529804,1.3787418405612297,0.3261622700464013
cancer,icd_191,icd_368,icd_784,1.5515972881706301,1.2965675011050082,0.5822067196231444
cancer,icd_191,icd_784,icd_368,1.9119614332211448,1.7860867649656529,1.8878300504642027
cancer,icd_191,icd_784,icd_331,1.2578957611129231,0.8561820676486056,1.011313198737085
cancer,icd_191,icd_784,icd_345,1.2866159922035922,0.8824852836980904,2.22676499310964
cancer,icd_191,icd_759,icd_345,3.530268859833716,3.3615778399626377,1.3844198898819968
control,icd_183,icd_620,icd_568,2.310531210224771,2.285443664727984,3.741345068858834
control,icd_183,icd_568,icd_620,1.7425287267039749,1.521841794714088,2.1749536814452597
control,icd_183,icd_620,icd_V72,1.0973599535332843,1.0689885442133664,104.08281604689
control,icd_183,icd_V72,icd_620,0.6457552231717055,0.6016171146869523,122.65763627335946
control,icd_183,icd_620,icd_789,1.188652127968422,1.1555565802131693,71.48651172957761
control,icd_183,icd_789,icd_620,1.1748604601151231,1.1435233872653827,149.3864109203423
control,icd_183,icd_620,icd_625,1.6919683911459753,1.6547730281560675,80.02111583276019
control,icd_183,icd_625,icd_620,2.3851477971664643,2.369197414530434,172.86691487751523
control,icd_183,icd_V72,icd_568,1.09843155437843,1.0703767948365805,9.168760987376231
control,icd_183,icd_568,icd_789,1.921092136619316,1.8418235974509445,7.251743071378542
control,icd_183,icd_789,icd_568,2.002283590790842,1.988590521857289,16.243425443225306
control,icd_183,icd_625,icd_568,1.643380425675435,1.6099066889769178,3.91370137516833
control,icd_183,icd_625,icd_V72,0.8571312518849492,0.8324301000196997,166.8586323133859
control,icd_183,icd_789,icd_625,0.8972691458880716,0.8642478006790213,213.59501769866256
control,icd_183,icd_625,icd_789,0.9841218401689638,0.9563181665984265,118.76745215098344
control,icd_157,icd_577,icd_576,3.8921889261670013,3.8714693494363575,30.328095615519942
control,icd_157,icd_576,icd_577,3.3148488158230607,3.2612351787863174,11.335414281417968
control,icd_157,icd_577,icd_452,3.009769530537644,2.863343764910253,0.8059292103105093
control,icd_157,icd_452,icd_577,1.699530638988299,0.6473700008271688,0.1443382308614467
control,icd_157,icd_577,icd_751,2.614280285334956,2.536937254082701,0.7121649640789229
control,icd_157,icd_751,icd_577,2.990330967152884,2.8274016261603365,1.922540824614103
control,icd_157,icd_577,icd_573,1.7956283139811657,1.7414555644303098,7.736063977239951
control,icd_157,icd_573,icd_577,1.7399484730984172,1.5935649818140436,7.038569998257344
control,icd_157,icd_577,icd_537,2.3661804925040033,2.307730212971338,3.099957369599906
control,icd_157,icd_537,icd_577,2.0159659899974454,1.7719156510313918,2.056096967753618
control,icd_157,icd_577,icd_531,1.6837427613009885,1.4834233049650536,0.9918792461781578
control,icd_157,icd_531,icd_577,1.6368439622886228,1.1609430005003276,0.7745724798418152
control,icd_157,icd_577,icd_575,2.6995756325477616,2.648377383560743,11.481569001358594
control,icd_157,icd_575,icd_577,2.0383050459142544,1.8818480887028488,5.061949573168079
control,icd_157,icd_576,icd_452,3.4533656251532894,3.2906051845735305,0.4221591281684489
control,icd_157,icd_452,icd_576,2.117925874099252,1.2922697025165877,0.11073583648222751
control,icd_157,icd_576,icd_751,3.668442996008951,3.6217569694935503,0.6869506228876574
control,icd_157,icd_751,icd_576,4.04003332735539,3.9720279509115013,2.7730366928577865
control,icd_157,icd_576,icd_573,2.455985520809946,2.4075042316524797,5.033121481063034
control,icd_157,icd_573,icd_576,2.6547302362245073,2.584805433991189,8.870932646909182
control,icd_157,icd_576,icd_537,2.3142970033794144,2.2076614765579596,0.9893524552173147
control,icd_157,icd_537,icd_576,2.071686511973633,1.796451215375773,1.0975969048184098
control,icd_157,icd_576,icd_531,1.3597449952904133,0.8799938236829641,0.241144040199055
control,icd_157,icd_531,icd_576,1.725916859295328,1.2068103417480458,0.4275098811578495
control,icd_157,icd_576,icd_575,3.58936446855745,3.5529388207292807,9.396361237307133
control,icd_157,icd_575,icd_576,3.281462148548401,3.227644785222971,8.85960319872737
control,icd_157,icd_452,icd_573,1.8397143849145152,1.4893658751881511,0.17404520361188247
control,icd_157,icd_573,icd_452,3.0584829921607017,2.921933371583522,0.8530969933357113
control,icd_157,icd_537,icd_452,3.054485517299476,2.753263423364949,0.1883425988209897
control,icd_157,icd_531,icd_452,3.242215105496415,2.9089856928233937,0.125068428112324
control,icd_157,icd_575,icd_452,1.8597001110885993,1.2074821603450265,0.1372879185779574
control,icd_157,icd_751,icd_573,2.01707706049121,1.8518894766493061,0.7613710792136175
control,icd_157,icd_573,icd_751,1.8501132309057675,1.6875120312010472,0.33438944188021935
control,icd_157,icd_751,icd_537,3.447622696808237,3.37220164241792,0.7209789080226336
control,icd_157,icd_537,icd_751,2.5123607397176375,2.328125207251609,0.1437306471354205
control,icd_157,icd_751,icd_531,1.9594169526047336,1.3808287102974852,0.1030588228501883
control,icd_157,icd_751,icd_575,2.823911723418157,2.6518726909232875,1.0254209877695786
control,icd_157,icd_575,icd_751,2.2731803635665755,2.119766212292096,0.2724250501163272
control,icd_157,icd_573,icd_537,0.988589136927354,0.7616570468726881,0.7881718318210176
control,icd_157,icd_537,icd_573,0.9176939635237594,0.6373106649062485,0.7185711429016806
control,icd_157,icd_573,icd_531,1.1036629833305402,0.7533329452439181,0.5598595215049897
control,icd_157,icd_573,icd_575,1.5929627277462586,1.4413694552662926,3.8278149010537277
control,icd_157,icd_575,icd_573,1.614426196473039,1.522850078316325,3.4723969766886853
control,icd_157,icd_537,icd_531,4.334241733750076,4.303810821106942,3.1389756041228623
control,icd_157,icd_531,icd_537,4.379917552295538,4.357514492949836,2.856351192974415
control,icd_157,icd_575,icd_537,1.3284720273396267,1.0957893820728646,0.590865985410769
control,icd_191,icd_348,icd_742,2.8677634524196365,2.791435399602059,3.6677808211713625
control,icd_191,icd_742,icd_348,3.3135491632364675,3.263985547970254,8.842748992320537
control,icd_191,icd_348,icd_431,2.7643127746910534,2.7159412079527305,17.496633547207807
control,icd_191,icd_431,icd_348,3.2361919114420497,3.2162829760055365,56.33717634110417
control,icd_191,icd_V66,icd_348,1.4507030314086276,0.7679235598870593,0.27019933228658033
control,icd_191,icd_348,icd_377,2.82876392936862,2.747712985555064,4.153689502801683
control,icd_191,icd_377,icd_348,2.9854819321851074,2.924512215435677,7.759861106989547
control,icd_191,icd_348,icd_368,1.321768018067767,1.238104130655014,7.676266851352409
control,icd_191,icd_368,icd_348,1.9397202632571973,1.8700437873663187,16.819311140103082
control,icd_191,icd_348,icd_432,2.8356824924960002,2.783419334484036,19.212486358560454
control,icd_191,icd_432,icd_348,3.3188708725413996,3.2971751906504125,44.13548900221758
control,icd_191,icd_348,icd_349,2.547004276719003,2.5016235020108715,8.650614480158936
control,icd_191,icd_349,icd_348,2.586043645523352,2.51345432877081,8.327987150467948
control,icd_191,icd_742,icd_431,3.2144929192008216,3.0722207381396536,1.363810333708777
control,icd_191,icd_431,icd_742,2.15195447677256,1.8841079960088103,0.6132305319933238
control,icd_191,icd_742,icd_368,1.1179388203839318,0.6446779731336718,0.31111205742439196
control,icd_191,icd_742,icd_432,1.687470150433503,0.9273214885802749,0.30283774334920466
control,icd_191,icd_432,icd_742,1.4896321218013535,0.8747934841050969,0.22806922962012344
control,icd_191,icd_742,icd_349,3.715739394831066,3.6506759044809347,1.383282306583311
control,icd_191,icd_349,icd_742,3.1079155915759085,2.911947160147087,0.45174487952087716
control,icd_191,icd_431,icd_368,1.3814750755932976,1.2462873003895723,2.7872301974047105
control,icd_191,icd_368,icd_431,1.6278611322586607,1.3804254537511016,2.09679393114007
control,icd_191,icd_431,icd_432,4.050436966708543,4.023831905763746,22.143033556319438
control,icd_191,icd_432,icd_431,4.654790252590226,4.639960691775895,28.58621458675225
control,icd_191,icd_431,icd_349,1.5539330902259791,1.3438035597171645,1.0961094674139318
control,icd_191,icd_349,icd_431,1.3510935797713977,0.7022468452808134,0.4124718583812772
control,icd_191,icd_377,icd_368,3.8524137894210724,3.8251863667528374,5.837524782411265
control,icd_191,icd_368,icd_377,4.253093765818064,4.2210681774950265,6.444191111018313
control,icd_191,icd_377,icd_349,3.0404863136362734,2.9272281663031015,0.8578208086199197
control,icd_191,icd_349,icd_377,3.4382312159247945,3.294394912398272,0.7401425776978598
control,icd_191,icd_368,icd_349,2.9431997671601455,2.89306674869106,4.800300578469006
control,icd_191,icd_349,icd_368,2.106429091245035,1.9818162988868404,1.6297360500617089
control,icd_191,icd_432,icd_349,1.2216993506722533,0.8749571385532212,0.5670905842485183
control,icd_205,icd_284,icd_288,3.282708146314837,3.2341626612170318,3.5381376684573524
control,icd_205,icd_288,icd_284,3.686951991298808,3.6417391214469355,5.746637341278529
control,icd_205,icd_284,icd_999,3.262840003161978,3.168539923362558,0.573173052537733
control,icd_205,icd_999,icd_284,2.570551975586533,2.3656689432789286,0.8692911590248258
control,icd_205,icd_284,icd_289,1.5238298381624336,1.2713505930704794,0.4856345143279768
control,icd_205,icd_289,icd_284,2.3335741243673955,2.133767470008705,1.1690389257753395
control,icd_205,icd_284,icd_283,4.4029977863976075,4.276856959625365,0.5263858808515636
control,icd_205,icd_283,icd_284,4.407845269150237,4.2983952971124655,0.49672122295815413
control,icd_205,icd_284,icd_287,2.928340867068048,2.7867780616142808,1.43526231569993
control,icd_205,icd_287,icd_284,3.9426202236720402,3.897490106156475,4.513380339813921
control,icd_205,icd_284,icd_273,2.082497065339055,1.9106080659237232,1.4971450078967337
control,icd_205,icd_273,icd_284,1.8860195604839136,1.6187163707279313,0.9670440128821411
control,icd_205,icd_V42,icd_284,1.3907835840428815,0.8905296047057476,0.4716628324947081
control,icd_205,icd_288,icd_999,2.203723210569824,2.1070731326879204,1.609321832111128
control,icd_205,icd_999,icd_288,1.6876654762702956,1.5614867562505583,2.6852216050640862
control,icd_205,icd_288,icd_289,1.7991599526137365,1.7310245496705485,5.178568032717266
control,icd_205,icd_289,icd_288,2.2982079764610703,2.2454829750405354,8.427860034160403
control,icd_205,icd_288,icd_283,2.6851194924931976,2.43529078046795,0.7648298739159642
control,icd_205,icd_283,icd_288,1.6906210584997718,1.268595631862239,0.24506695122398625
control,icd_205,icd_288,icd_287,2.821116927259097,2.7651105547884542,10.439754490568305
control,icd_205,icd_287,icd_288,1.9883278367520432,1.9071846413490523,4.775416828370055
control,icd_205,icd_288,icd_273,1.9473481110342543,1.8774180350685328,10.589982368052517
control,icd_205,icd_273,icd_288,1.6937601592511724,1.6112421509875463,5.959319078298506
control,icd_205,icd_V42,icd_288,1.0295321402686364,0.8466684382672177,2.4546506625864595
control,icd_205,icd_999,icd_289,1.289692100139987,1.1214132959634362,1.4373035176473223
control,icd_205,icd_289,icd_999,1.8010804358014976,1.6360169625692385,0.8471438985095574
control,icd_205,icd_999,icd_283,3.110837549290688,2.868649442535138,0.5408162975524711
control,icd_205,icd_999,icd_287,1.1709940340443805,0.7382069388184587,0.926080667804392
control,icd_205,icd_287,icd_999,1.2923148552660542,0.9823863360725441,0.39343781751037454
control,icd_205,icd_999,icd_273,0.9319364833835029,0.6454863113274336,1.7721706534685353
control,icd_205,icd_273,icd_999,1.302182430908494,1.0697250090965902,0.6656964046274538
control,icd_205,icd_V42,icd_999,1.1614186148068173,0.8562185947787959,0.46281443427474755
control,icd_205,icd_289,icd_283,3.193154150738787,3.021525882508931,1.00087865321575
control,icd_205,icd_283,icd_289,2.3809922563440726,2.1914440499113423,0.3895070668086724
control,icd_205,icd_289,icd_287,2.617771103784716,2.539404186156226,6.707458894592492
control,icd_205,icd_287,icd_289,2.2929468335160217,2.2393470080184654,5.160736333616967
control,icd_205,icd_289,icd_273,1.626304094963438,1.5162326131468287,6.048497131761906
control,icd_205,icd_273,icd_289,1.3312811106660298,1.225068306102662,3.3050661403329684
control,icd_205,icd_283,icd_287,3.4063211849536663,3.2510395859627357,0.7878802998596797
control,icd_205,icd_287,icd_283,4.630098752393286,4.584053147983783,3.253205861630846
control,icd_205,icd_283,icd_273,2.135427363006778,1.847013671405009,0.5372740559384077
control,icd_205,icd_273,icd_283,1.4729922603477368,0.6532644710261322,0.23190603494709805
control,icd_205,icd_287,icd_273,1.65775925188527,1.5373470393636464,4.821489583428047
control,icd_205,icd_273,icd_287,1.1828431878504526,0.9014344394481977,2.067115065099898
full,icd_183,icd_620,icd_568,2.3127705084042596,2.288278862608281,3.8719266636716725
full,icd_183,icd_568,icd_620,1.728981136532305,1.5066902394845245,2.1843877535924463
full,icd_183,icd_620,icd_V72,1.0938957145694381,1.0660687664134354,107.85112479101736
full,icd_183,icd_V72,icd_620,0.659560753305664,0.6169490786790681,129.6143963170607
full,icd_183,icd_620,icd_789,1.1847584102730062,1.1521015979903861,73.56163748572999
full,icd_183,icd_789,icd_620,1.1744579427799506,1.1436240465147949,154.0129886147679
full,icd_183,icd_620,icd_625,1.6968508271778573,1.6603610247402258,82.45125359091617
full,icd_183,icd_625,icd_620,2.385912149687619,2.3701896342032196,177.37558109672864
full,icd_183,icd_V72,icd_568,1.1179833625950648,1.091250100561028,9.800788592661547
full,icd_183,icd_568,icd_789,1.9242328704535139,1.8459250354132277,7.4517351755096115
full,icd_183,icd_789,icd_568,2.0074423387209626,1.9941414138176234,16.93694381842556
full,icd_183,icd_625,icd_568,1.649706043461883,1.6171324119526755,4.061447243346464
full,icd_183,icd_625,icd_V72,0.8522358497704942,0.8279529741319722,172.42174833356148
full,icd_183,icd_789,icd_625,0.8966529484796679,0.8641476234370143,219.8801666104173
full,icd_183,icd_625,icd_789,0.984235763949404,0.9568866901917646,122.54185716577103
full,icd_157,icd_577,icd_576,3.891916449663184,3.8719779783417843,32.20984661420198
full,icd_157,icd_576,icd_577,3.3428560272849297,3.292104430837281,12.46609383107375
full,icd_157,icd_577,icd_452,2.9748253224455787,2.8302132109752107,0.847836670742268
full,icd_157,icd_452,icd_577,1.628019526473174,0.5581599287740295,0.15282377920960766
full,icd_157,icd_577,icd_751,2.615255250248934,2.5420345141698415,0.7593147444637509
full,icd_157,icd_751,icd_577,3.027319914682213,2.8759927853753737,2.169293432173845
full,icd_157,icd_577,icd_573,1.80106715861627,1.7492203904947305,8.345483841791292
full,icd_157,icd_573,icd_577,1.7176110987818156,1.572624272360832,7.4211304459945495
full,icd_157,icd_577,icd_537,2.368535555433631,2.3117788387505716,3.315957246037499
full,icd_157,icd_537,icd_577,2.0192286224236393,1.7845079636312935,2.2431223937047093
full,icd_157,icd_577,icd_531,1.6619129447224381,1.465965350922672,1.038265936126976
full,icd_157,icd_531,icd_577,1.5830105249878477,1.0975372028984582,0.7945071813229987
full,icd_157,icd_577,icd_575,2.6961390516125006,2.6462813262171974,12.255299036696442
full,icd_157,icd_575,icd_577,2.0256002996889038,1.872120074336807,5.403365741329196
full,icd_157,icd_576,icd_452,3.4355379547210556,3.276154324998746,0.4444154667930462
full,icd_157,icd_452,icd_576,2.1663901744344005,1.424165000638558,0.12918094923370038
full,icd_157,icd_576,icd_751,3.6583219512805143,3.613244415392143,0.7125441351807211
full,icd_157,icd_751,icd_576,4.018289372839362,3.9515219608961396,2.883281077700488
full,icd_157,icd_576,icd_573,2.4500627575055165,2.4027268474399195,5.280785086283458
full,icd_157,icd_573,icd_576,2.6282623444298094,2.558942427955446,9.102422874312651
full,icd_157,icd_576,icd_537,2.3221075512650162,2.2182340104330374,1.0467362492726409
full,icd_157,icd_537,icd_576,2.0574719548636256,1.7889605236269552,1.1498943398433
full,icd_157,icd_576,icd_531,1.3496324892293603,0.8818050193969467,0.25123424440957365
full,icd_157,icd_531,icd_576,1.7240203712522968,1.222895626497933,0.4513711297023626
full,icd_157,icd_576,icd_575,3.57648364189579,3.5403653093938403,9.773378005252653
full,icd_157,icd_575,icd_576,3.2646430973083334,3.2118030416489454,9.203858981376243
full,icd_157,icd_452,icd_573,1.8160711358441515,1.4774898439616706,0.190793638171054
full,icd_157,icd_573,icd_452,3.0176885798068085,2.8815574315533503,0.8848993583409879
full,icd_157,icd_537,icd_452,2.99350902245498,2.6882474729088064,0.19310119468803855
full,icd_157,icd_531,icd_452,3.3830727472237783,3.106599070484561,0.15619322313764172
full,icd_157,icd_575,icd_452,1.8182839437387992,1.1676537421543478,0.14270373917964818
full,icd_157,icd_751,icd_573,1.979479705052946,1.8146657683397238,0.7869557026660665
full,icd_157,icd_573,icd_751,1.845642349468074,1.690317543312372,0.35168158430491303
full,icd_157,icd_751,icd_537,3.426961567751655,3.3521266177540907,0.7538635114315291
full,icd_157,icd_537,icd_751,2.511511009889683,2.3368196032860546,0.15301167978630126
full,icd_157,icd_751,icd_531,1.9559499189545242,1.4010724073847354,0.10990625915563257
full,icd_157,icd_751,icd_575,2.829712692714704,2.6639534230383695,1.104967638507901
full,icd_157,icd_575,icd_751,2.2618192258512364,2.1142555197417057,0.28531793829678165
full,icd_157,icd_573,icd_537,0.9829596724750368,0.7600477137491695,0.8295209183522729
full,icd_157,icd_537,icd_573,0.9109931720106811,0.6394382109346857,0.7660474478456507
full,icd_157,icd_573,icd_531,1.0920390232811779,0.7516299254416188,0.5871944009294907
full,icd_157,icd_573,icd_575,1.5819402552933106,1.4326639864154156,4.021611614481344
full,icd_157,icd_575,icd_573,1.6053288118308773,1.5160846330474738,3.6715210327566865
full,icd_157,icd_537,icd_531,4.30368834242471,4.273668173103537,3.2581839811428495
full,icd_157,icd_531,icd_537,4.354575624712563,4.332176048566935,2.9592761696039815
full,icd_157,icd_575,icd_537,1.3243670519404747,1.0961522268661028,0.6245037360572709
full,icd_191,icd_348,icd_742,2.8674583711402764,2.7926969654006797,3.726643043216427
full,icd_191,icd_742,icd_348,3.300597644366478,3.2512897789064166,8.925553104567143
full,icd_191,icd_348,icd_431,2.7623035826114983,2.714522412190654,17.97796108710827
full,icd_191,icd_431,icd_348,3.2441895182881946,3.2247651754676996,58.05507972091482
full,icd_191,icd_V66,icd_348,1.4073264887314336,0.7144750325984947,0.2712943751639614
full,icd_191,icd_348,icd_377,2.81779215900441,2.7371112520862453,4.216026340460303
full,icd_191,icd_377,icd_348,3.002603330404503,2.9434670202605138,8.012056363982197
full,icd_191,icd_348,icd_368,1.3264190639979891,1.2446193610361724,7.996927101406982
full,icd_191,icd_368,icd_348,1.9473563172660389,1.8796141762310912,17.488350393141445
full,icd_191,icd_348,icd_432,2.8339400592943087,2.782356139551747,19.724483642581617
full,icd_191,icd_432,icd_348,3.3270609548958987,3.3059472681958537,45.77523165879211
full,icd_191,icd_348,icd_349,2.553624248953804,2.509617993976488,8.91609026516744
full,icd_191,icd_349,icd_348,2.6007694346647288,2.5300981012265713,8.556056302189972
full,icd_191,icd_742,icd_431,3.1957702265276566,3.052502419041435,1.366788574363028
full,icd_191,icd_431,icd_742,2.171908894898561,1.913785645669019,0.6304578916910195
full,icd_191,icd_742,icd_368,1.1027788315408564,0.629604284047312,0.31514195345125806
full,icd_191,icd_742,icd_432,1.6761863243347346,0.9167971426219933,0.3054276224969872
full,icd_191,icd_432,icd_742,1.4904978665251862,0.8879816770843885,0.23148483855998947
full,icd_191,icd_742,icd_349,3.7049701882190833,3.640607323894112,1.3896525819575274
full,icd_191,icd_349,icd_742,3.117338355800242,2.9256059156660204,0.4551116665433952
full,icd_191,icd_431,icd_368,1.3783323372374752,1.2445858174153843,2.856803225479979
full,icd_191,icd_368,icd_431,1.623238404508394,1.3781470643106937,2.150692952398714
full,icd_191,icd_431,icd_432,4.059704822554547,4.033628404965754,22.790823075296657
full,icd_191,icd_432,icd_431,4.663598063805734,4.6490829707714685,29.626026961183015
full,icd_191,icd_431,icd_349,1.5721479538644325,1.369920330507922,1.1332777010094404
full,icd_191,icd_349,icd_431,1.3495701753952434,0.703412430956795,0.4163676500461051
full,icd_191,icd_377,icd_368,3.8517541697547846,3.8247968168539517,5.955212078619866
full,icd_191,icd_368,icd_377,4.259814570165222,4.228489661446536,6.663362364418504
full,icd_191,icd_377,icd_349,3.056218036961576,2.946594087037327,0.8783812033758096
full,icd_191,icd_349,icd_377,3.4386514527464067,3.2958691335686736,0.7461359551880946
full,icd_191,icd_368,icd_349,2.9443623469127114,2.8954745388579215,4.924900498111242
full,icd_191,icd_349,icd_368,2.11090455174023,1.987992811705528,1.6668626302620169
full,icd_191,icd_432,icd_349,1.2262524246060478,0.8887557827403387,0.5819898748645045
full,icd_205,icd_284,icd_288,3.2727780745424795,3.225662445574882,3.777703981724926
full,icd_205,icd_288,icd_284,3.6776920923616756,3.6332284861106356,5.954572616528253
full,icd_205,icd_284,icd_999,3.2200007183527095,3.126978360119687,0.5978148409850803
full,icd_205,icd_999,icd_284,2.5401617763010145,2.3374850633969997,0.9057940562149369
full,icd_205,icd_284,icd_289,1.5549474192907529,1.3179362615116728,0.5410396353546574
full,icd_205,icd_289,icd_284,2.6245591663825567,2.4797527277751805,1.6457871374968533
full,icd_205,icd_284,icd_283,4.374392601621874,4.250332856520079,0.5451804637675295
full,icd_205,icd_283,icd_284,4.394711411041502,4.285218756337634,0.4974195067339551
full,icd_205,icd_284,icd_287,2.92131996509746,2.784785780276489,1.5316888883450304
full,icd_205,icd_287,icd_284,3.924402298658053,3.8797818867814025,4.65387666235074
full,icd_205,icd_284,icd_273,2.046824143655118,1.877226086271228,1.5800766772317019
full,icd_205,icd_273,icd_284,1.8712683512627113,1.6118236755338915,1.0307213169215856
full,icd_205,icd_V42,icd_284,1.3535422997324835,0.8721102531568956,0.523048594449083
full,icd_205,icd_288,icd_999,2.42991166837265,2.355646044821753,2.106437120486362
full,icd_205,icd_999,icd_288,1.7532712344417003,1.6392662828193056,3.0452961629912068
full,icd_205,icd_288,icd_289,1.8050800604422845,1.7382138317271063,5.394775018208861
full,icd_205,icd_289,icd_288,2.3178884655266603,2.26749772127965,8.943977436761656
full,icd_205,icd_288,icd_283,2.694249325720184,2.453049557989971,0.7888175741426124
full,icd_205,icd_283,icd_288,1.6901358372913187,1.2710096868752014,0.24574402706340237
full,icd_205,icd_288,icd_287,2.8101464157582696,2.754863288525599,10.64147073840877
full,icd_205,icd_287,icd_288,1.985647228142733,1.906232366199048,4.945003350704951
full,icd_205,icd_288,icd_273,1.9440968108991792,1.8760035909210035,11.070760572608833
full,icd_205,icd_273,icd_288,1.6799273928384555,1.599478382105072,6.2861572946417255
full,icd_205,icd_V42,icd_288,0.9953240715633548,0.8189296681220741,2.699679225067257
full,icd_205,icd_999,icd_289,1.288955822720247,1.125224068922314,1.5276550240548303
full,icd_205,icd_289,icd_999,1.7888285127487555,1.6286441556722009,0.8790680298008837
full,icd_205,icd_999,icd_283,3.0730173037269055,2.831662315357162,0.5466070425148573
full,icd_205,icd_999,icd_287,1.1848665231290052,0.7744556980957594,0.9939247132670914
full,icd_205,icd_287,icd_999,1.2793387974290373,0.9779348074336249,0.40708068706253187
full,icd_205,icd_999,icd_273,0.9430911721151298,0.6723145210015371,1.9304037669414242
full,icd_205,icd_273,icd_999,1.2720379608430215,1.0454867070211942,0.6974299643607651
full,icd_205,icd_V42,icd_999,1.1624096533008308,0.8828839406642361,0.5322753125947273
full,icd_205,icd_289,icd_283,3.1853068065403813,3.017609212096591,1.0212519224139172
full,icd_205,icd_283,icd_289,2.383849505007121,2.1947770145208407,0.3924680803082481
full,icd_205,icd_289,icd_287,2.6239353914820316,2.5482736508991386,6.998809718819189
full,icd_205,icd_287,icd_289,2.2810902888639064,2.2277381250307355,5.302995931555699
full,icd_205,icd_289,icd_273,1.6188081232013105,1.5117083535898055,6.335764850713531
full,icd_205,icd_273,icd_289,1.3222866522900978,1.2184377880841955,3.508400444960671
full,icd_205,icd_283,icd_287,3.4085937377492534,3.2553199291185573,0.7895485253603738
full,icd_205,icd_287,icd_283,4.609109956973837,4.563460315418802,3.268957361838943
full,icd_205,icd_283,icd_273,2.1270856921095236,1.8410562246154474,0.5421545051062537
full,icd_205,icd_273,icd_283,1.483910179347782,0.7084834569471921,0.2478240447314306
full,icd_205,icd_287,icd_273,1.6374870861652837,1.518654218675424,4.97551359973221
full,icd_205,icd_273,icd_287,1.1676158974681432,0.8938024810620246,2.1700526676238496
